Window_Index,Anomaly_Scenario,True_Root_Sensor,Predicted_Root_Sensor,Match,Original_Score,Clamped_Score,Threshold,Score_Drop_Percent,Faithfulness_Passed,Validity_Passed,Sparsity,Latency_ms
451,A1_Fan_Failure,fan_speed,fan_speed,True,0.72454,0.06812,0.12567,90.6,True,True,5,5.69
452,A1_Fan_Failure,fan_speed,fan_speed,True,0.73394,0.06559,0.12567,91.06,True,True,4,4.92
453,A1_Fan_Failure,fan_speed,fan_speed,True,0.74811,0.06881,0.12567,90.8,True,True,3,4.55
454,A1_Fan_Failure,fan_speed,fan_speed,True,0.74692,0.05521,0.12567,92.61,True,True,3,4.81
455,A1_Fan_Failure,fan_speed,fan_speed,True,0.7697,0.05652,0.12567,92.66,True,True,4,4.71
456,A1_Fan_Failure,fan_speed,fan_speed,True,0.85727,0.07673,0.12567,91.05,True,True,6,4.66
457,A1_Fan_Failure,fan_speed,fan_speed,True,0.86646,0.05869,0.12567,93.23,True,True,6,5.54
458,A1_Fan_Failure,fan_speed,fan_speed,True,0.88579,0.06384,0.12567,92.79,True,True,7,4.7
459,A1_Fan_Failure,fan_speed,fan_speed,True,0.89804,0.06371,0.12567,92.91,True,True,7,4.93
460,A1_Fan_Failure,fan_speed,fan_speed,True,0.92344,0.07668,0.12567,91.7,True,True,7,4.54
461,A1_Fan_Failure,fan_speed,fan_speed,True,0.91274,0.06519,0.12567,92.86,True,True,8,4.66
462,A1_Fan_Failure,fan_speed,fan_speed,True,0.94993,0.0839,0.12567,91.17,True,True,8,4.6
463,A1_Fan_Failure,fan_speed,fan_speed,True,0.94672,0.07864,0.12567,91.69,True,True,8,4.63
464,A1_Fan_Failure,fan_speed,fan_speed,True,0.94245,0.07177,0.12567,92.38,True,True,8,5.1
465,A1_Fan_Failure,fan_speed,fan_speed,True,0.95097,0.07237,0.12567,92.39,True,True,8,4.72
466,A1_Fan_Failure,fan_speed,fan_speed,True,0.97589,0.08556,0.12567,91.23,True,True,8,4.6
467,A1_Fan_Failure,fan_speed,fan_speed,True,0.97023,0.07922,0.12567,91.83,True,True,8,4.69
468,A1_Fan_Failure,fan_speed,fan_speed,True,0.9896,0.08273,0.12567,91.64,True,True,8,4.77
469,A1_Fan_Failure,fan_speed,fan_speed,True,0.98257,0.07501,0.12567,92.37,True,True,8,4.61
470,A1_Fan_Failure,fan_speed,fan_speed,True,0.98181,0.06927,0.12567,92.94,True,True,8,5.53
471,A1_Fan_Failure,fan_speed,fan_speed,True,1.0211,0.09332,0.12567,90.86,True,True,8,4.69
472,A1_Fan_Failure,fan_speed,fan_speed,True,1.00457,0.07367,0.12567,92.67,True,True,8,5.07
473,A1_Fan_Failure,fan_speed,fan_speed,True,1.01449,0.07556,0.12567,92.55,True,True,8,4.71
474,A1_Fan_Failure,fan_speed,fan_speed,True,1.00954,0.06898,0.12567,93.17,True,True,8,5.06
475,A1_Fan_Failure,fan_speed,fan_speed,True,1.04556,0.08896,0.12567,91.49,True,True,8,4.67
476,A1_Fan_Failure,fan_speed,fan_speed,True,1.0501,0.08433,0.12567,91.97,True,True,8,4.41
477,A1_Fan_Failure,fan_speed,fan_speed,True,1.03565,0.08082,0.12567,92.2,True,True,8,4.99
478,A1_Fan_Failure,fan_speed,fan_speed,True,1.03293,0.08872,0.12567,91.41,True,True,6,4.81
479,A1_Fan_Failure,fan_speed,fan_speed,True,1.03853,0.10412,0.12567,89.97,True,True,5,4.55
480,A1_Fan_Failure,fan_speed,fan_speed,True,1.02847,0.09081,0.12567,91.17,True,True,4,4.59
481,A1_Fan_Failure,fan_speed,fan_speed,True,1.04958,0.10255,0.12567,90.23,True,True,5,5.04
482,A1_Fan_Failure,fan_speed,fan_speed,True,1.06793,0.11051,0.12567,89.65,True,True,6,4.7
483,A1_Fan_Failure,fan_speed,fan_speed,True,1.06932,0.10188,0.12567,90.47,True,True,5,4.89
484,A1_Fan_Failure,fan_speed,fan_speed,True,1.08114,0.10613,0.12567,90.18,True,True,4,5.12
485,A1_Fan_Failure,fan_speed,fan_speed,True,1.05485,0.07008,0.12567,93.36,True,True,4,4.65
781,A2_Lubrication_Leak,lubrication_flow,lubrication_flow,True,1.96747,0.02162,0.12567,98.9,True,True,4,4.63
782,A2_Lubrication_Leak,lubrication_flow,lubrication_flow,True,2.0042,0.02156,0.12567,98.92,True,True,4,4.7
783,A2_Lubrication_Leak,lubrication_flow,lubrication_flow,True,2.03517,0.02508,0.12567,98.77,True,True,4,4.47
784,A2_Lubrication_Leak,lubrication_flow,lubrication_flow,True,2.08098,0.0213,0.12567,98.98,True,True,4,4.51
785,A2_Lubrication_Leak,lubrication_flow,lubrication_flow,True,2.10918,0.02412,0.12567,98.86,True,True,4,4.6
786,A2_Lubrication_Leak,lubrication_flow,lubrication_flow,True,2.12754,0.02189,0.12567,98.97,True,True,4,5.11
787,A2_Lubrication_Leak,lubrication_flow,lubrication_flow,True,2.16477,0.02118,0.12567,99.02,True,True,4,4.71
788,A2_Lubrication_Leak,lubrication_flow,lubrication_flow,True,2.21095,0.02287,0.12567,98.97,True,True,4,4.46
789,A2_Lubrication_Leak,lubrication_flow,lubrication_flow,True,2.228,0.02287,0.12567,98.97,True,True,4,4.67
790,A2_Lubrication_Leak,lubrication_flow,lubrication_flow,True,2.26038,0.02162,0.12567,99.04,True,True,4,5.13
791,A2_Lubrication_Leak,lubrication_flow,lubrication_flow,True,2.29529,0.02469,0.12567,98.92,True,True,4,5.12
792,A2_Lubrication_Leak,lubrication_flow,lubrication_flow,True,2.33454,0.02123,0.12567,99.09,True,True,4,4.92
793,A2_Lubrication_Leak,lubrication_flow,lubrication_flow,True,2.36025,0.02219,0.12567,99.06,True,True,4,5.14
794,A2_Lubrication_Leak,lubrication_flow,lubrication_flow,True,2.40262,0.02133,0.12567,99.11,True,True,4,5.49
795,A2_Lubrication_Leak,lubrication_flow,lubrication_flow,True,2.42892,0.02356,0.12567,99.03,True,True,4,4.94
796,A2_Lubrication_Leak,lubrication_flow,lubrication_flow,True,2.48407,0.02499,0.12567,98.99,True,True,4,5.09
797,A2_Lubrication_Leak,lubrication_flow,lubrication_flow,True,2.49074,0.02153,0.12567,99.14,True,True,4,5.06
798,A2_Lubrication_Leak,lubrication_flow,lubrication_flow,True,2.53516,0.02164,0.12567,99.15,True,True,4,5.29
799,A2_Lubrication_Leak,lubrication_flow,lubrication_flow,True,2.56473,0.02286,0.12567,99.11,True,True,5,4.71
800,A2_Lubrication_Leak,lubrication_flow,lubrication_flow,True,2.59272,0.02245,0.12567,99.13,True,True,5,5.29
801,A2_Lubrication_Leak,lubrication_flow,lubrication_flow,True,2.62179,0.0234,0.12567,99.11,True,True,5,4.58
802,A2_Lubrication_Leak,lubrication_flow,lubrication_flow,True,2.65716,0.02449,0.12567,99.08,True,True,5,4.54
803,A2_Lubrication_Leak,lubrication_flow,lubrication_flow,True,2.70728,0.02311,0.12567,99.15,True,True,5,4.68
804,A2_Lubrication_Leak,lubrication_flow,lubrication_flow,True,2.73117,0.02511,0.12567,99.08,True,True,5,4.49
805,A2_Lubrication_Leak,lubrication_flow,lubrication_flow,True,2.76865,0.0258,0.12567,99.07,True,True,5,4.59
806,A2_Lubrication_Leak,lubrication_flow,lubrication_flow,True,2.78619,0.02218,0.12567,99.2,True,True,5,4.56
807,A2_Lubrication_Leak,lubrication_flow,lubrication_flow,True,2.82885,0.02315,0.12567,99.18,True,True,5,5.24
808,A2_Lubrication_Leak,lubrication_flow,lubrication_flow,True,2.86867,0.02268,0.12567,99.21,True,True,5,5.27
809,A2_Lubrication_Leak,lubrication_flow,lubrication_flow,True,2.89186,0.02223,0.12567,99.23,True,True,5,5.14
810,A2_Lubrication_Leak,lubrication_flow,lubrication_flow,True,2.9333,0.02409,0.12567,99.18,True,True,5,5.4
811,A2_Lubrication_Leak,lubrication_flow,lubrication_flow,True,2.95551,0.02399,0.12567,99.19,True,True,5,5.33
812,A2_Lubrication_Leak,lubrication_flow,lubrication_flow,True,2.98104,0.02324,0.12567,99.22,True,True,5,4.63
813,A2_Lubrication_Leak,lubrication_flow,lubrication_flow,True,3.00864,0.02275,0.12567,99.24,True,True,5,4.72
814,A2_Lubrication_Leak,lubrication_flow,lubrication_flow,True,3.05824,0.02276,0.12567,99.26,True,True,5,4.66
815,A2_Lubrication_Leak,lubrication_flow,lubrication_flow,True,3.08656,0.02108,0.12567,99.32,True,True,5,5.22
1741,A3_Heatwave,ambient_temp,ambient_temp,True,0.28281,0.04405,0.12567,84.42,True,True,5,4.9
1742,A3_Heatwave,ambient_temp,ambient_temp,True,0.24477,0.031,0.12567,87.33,True,True,2,4.56
1743,A3_Heatwave,ambient_temp,ambient_temp,True,0.22422,0.02627,0.12567,88.28,True,True,2,5.07
1744,A3_Heatwave,ambient_temp,ambient_temp,True,0.22455,0.02253,0.12567,89.97,True,True,2,5.23
1745,A3_Heatwave,ambient_temp,ambient_temp,True,0.2035,0.01794,0.12567,91.18,True,True,2,4.71
1746,A3_Heatwave,ambient_temp,ambient_temp,True,0.1979,0.01827,0.12567,90.77,True,True,2,5.31
1747,A3_Heatwave,ambient_temp,ambient_temp,True,0.20212,0.02332,0.12567,88.46,True,True,2,4.57
1748,A3_Heatwave,ambient_temp,ambient_temp,True,0.20997,0.01734,0.12567,91.74,True,True,2,5.16
1749,A3_Heatwave,ambient_temp,ambient_temp,True,0.23986,0.04659,0.12567,80.57,True,True,2,4.63
1750,A3_Heatwave,ambient_temp,ambient_temp,True,0.2406,0.051,0.12567,78.8,True,True,4,4.67
1751,A3_Heatwave,ambient_temp,ambient_temp,True,0.22131,0.02742,0.12567,87.61,True,True,3,4.97
1752,A3_Heatwave,ambient_temp,ambient_temp,True,0.21618,0.03252,0.12567,84.96,True,True,3,5.58
1753,A3_Heatwave,ambient_temp,ambient_temp,True,0.23127,0.02602,0.12567,88.75,True,True,3,5.05
1754,A3_Heatwave,ambient_temp,ambient_temp,True,0.23547,0.04297,0.12567,81.75,True,True,4,4.95
1755,A3_Heatwave,ambient_temp,ambient_temp,True,0.24918,0.02824,0.12567,88.67,True,True,6,4.61
1756,A3_Heatwave,ambient_temp,ambient_temp,True,0.25751,0.0269,0.12567,89.55,True,True,6,5.16
1757,A3_Heatwave,ambient_temp,ambient_temp,True,0.24644,0.02255,0.12567,90.85,True,True,4,4.69
1758,A3_Heatwave,ambient_temp,ambient_temp,True,0.26562,0.03252,0.12567,87.76,True,True,3,5.03
1759,A3_Heatwave,ambient_temp,ambient_temp,True,0.2692,0.03401,0.12567,87.37,True,True,3,4.6
1760,A3_Heatwave,ambient_temp,ambient_temp,True,0.25944,0.02295,0.12567,91.15,True,True,2,4.84
1761,A3_Heatwave,ambient_temp,ambient_temp,True,0.25452,0.03458,0.12567,86.42,True,True,2,4.73
1762,A3_Heatwave,ambient_temp,ambient_temp,True,0.25741,0.02364,0.12567,90.81,True,True,2,4.59
1763,A3_Heatwave,ambient_temp,ambient_temp,True,0.25956,0.02437,0.12567,90.61,True,True,2,4.54
1764,A3_Heatwave,ambient_temp,ambient_temp,True,0.25922,0.02838,0.12567,89.05,True,True,2,4.9
1765,A3_Heatwave,ambient_temp,ambient_temp,True,0.2706,0.0349,0.12567,87.1,True,True,2,4.59
1766,A3_Heatwave,ambient_temp,ambient_temp,True,0.26883,0.03252,0.12567,87.9,True,True,2,5.24
1767,A3_Heatwave,ambient_temp,ambient_temp,True,0.27491,0.03513,0.12567,87.22,True,True,2,4.61
1768,A3_Heatwave,ambient_temp,ambient_temp,True,0.26895,0.03188,0.12567,88.15,True,True,2,4.93
1769,A3_Heatwave,ambient_temp,ambient_temp,True,0.28367,0.03044,0.12567,89.27,True,True,2,5.23
1770,A3_Heatwave,ambient_temp,ambient_temp,True,0.29233,0.04357,0.12567,85.09,True,True,2,4.72
1771,A3_Heatwave,ambient_temp,ambient_temp,True,0.27842,0.03638,0.12567,86.93,True,True,2,4.59
1772,A3_Heatwave,ambient_temp,ambient_temp,True,0.28968,0.03866,0.12567,86.66,True,True,2,5.25
1773,A3_Heatwave,ambient_temp,ambient_temp,True,0.27941,0.03403,0.12567,87.82,True,True,2,5.01
1774,A3_Heatwave,ambient_temp,ambient_temp,True,0.29157,0.03525,0.12567,87.91,True,True,2,4.62
1775,A3_Heatwave,ambient_temp,ambient_temp,True,0.29796,0.03485,0.12567,88.31,True,True,2,5.23
1776,A3_Heatwave,ambient_temp,ambient_temp,True,0.29475,0.03521,0.12567,88.06,True,True,2,4.6
1777,A3_Heatwave,ambient_temp,ambient_temp,True,0.30858,0.02426,0.12567,92.14,True,True,2,5.04
1778,A3_Heatwave,ambient_temp,ambient_temp,True,0.3093,0.044,0.12567,85.78,True,True,2,5.15
1779,A3_Heatwave,ambient_temp,ambient_temp,True,0.31341,0.0407,0.12567,87.01,True,True,2,5.1
1780,A3_Heatwave,ambient_temp,ambient_temp,True,0.30232,0.02892,0.12567,90.43,True,True,2,5.26
2341,A4_Sensor_Glitch,vibration,vibration,True,141.87268,0.05626,0.12567,99.96,True,True,2,5.18
2342,A4_Sensor_Glitch,vibration,vibration,True,144.92657,0.05744,0.12567,99.96,True,True,2,4.67
2343,A4_Sensor_Glitch,vibration,vibration,True,147.69438,0.02983,0.12567,99.98,True,True,5,4.71
2344,A4_Sensor_Glitch,vibration,vibration,True,148.50008,0.02569,0.12567,99.98,True,True,5,4.67
2345,A4_Sensor_Glitch,vibration,vibration,True,150.40509,0.02362,0.12567,99.98,True,True,1,4.57
2346,A4_Sensor_Glitch,vibration,vibration,True,153.92563,0.0217,0.12567,99.99,True,True,1,4.63
2347,A4_Sensor_Glitch,vibration,vibration,True,157.31458,0.02233,0.12567,99.99,True,True,1,4.62
2348,A4_Sensor_Glitch,vibration,vibration,True,158.77716,0.02136,0.12567,99.99,True,True,1,4.75
2349,A4_Sensor_Glitch,vibration,vibration,True,160.02533,0.02125,0.12567,99.99,True,True,1,5.19
2350,A4_Sensor_Glitch,vibration,vibration,True,164.46202,0.02116,0.12567,99.99,True,True,1,4.58
2351,A4_Sensor_Glitch,vibration,vibration,True,165.54668,0.02118,0.12567,99.99,True,True,1,4.79
2352,A4_Sensor_Glitch,vibration,vibration,True,167.00005,0.02139,0.12567,99.99,True,True,1,4.61
2353,A4_Sensor_Glitch,vibration,vibration,True,170.93716,0.02091,0.12567,99.99,True,True,1,4.98
2354,A4_Sensor_Glitch,vibration,vibration,True,171.64333,0.02086,0.12567,99.99,True,True,1,5.24
2355,A4_Sensor_Glitch,vibration,vibration,True,174.11681,0.02141,0.12567,99.99,True,True,1,4.71
2356,A4_Sensor_Glitch,vibration,vibration,True,177.2361,0.02061,0.12567,99.99,True,True,2,5.04
2357,A4_Sensor_Glitch,vibration,vibration,True,179.14163,0.02134,0.12567,99.99,True,True,3,5.1
2358,A4_Sensor_Glitch,vibration,vibration,True,181.51167,0.02111,0.12567,99.99,True,True,4,4.68
2359,A4_Sensor_Glitch,vibration,vibration,True,183.85625,0.02237,0.12567,99.99,True,True,4,4.71
2360,A4_Sensor_Glitch,vibration,vibration,True,186.81909,0.02157,0.12567,99.99,True,True,4,4.63
2361,A4_Sensor_Glitch,vibration,vibration,True,187.18613,0.02086,0.12567,99.99,True,True,4,4.52
2362,A4_Sensor_Glitch,vibration,vibration,True,191.03731,0.02141,0.12567,99.99,True,True,4,4.69
2363,A4_Sensor_Glitch,vibration,vibration,True,193.04074,0.02211,0.12567,99.99,True,True,5,4.65
2364,A4_Sensor_Glitch,vibration,vibration,True,195.12503,0.02203,0.12567,99.99,True,True,4,4.54
2365,A4_Sensor_Glitch,vibration,vibration,True,197.46779,0.02172,0.12567,99.99,True,True,3,5.25
3361,A5_Spindle_Overload,spindle_speed,spindle_speed,True,0.21554,0.04403,0.12567,79.57,True,True,3,4.65
3362,A5_Spindle_Overload,spindle_speed,spindle_speed,True,0.24097,0.04859,0.12567,79.84,True,True,4,4.72
3363,A5_Spindle_Overload,spindle_speed,spindle_speed,True,0.24414,0.04833,0.12567,80.2,True,True,4,4.58
3364,A5_Spindle_Overload,spindle_speed,spindle_speed,True,0.23772,0.04305,0.12567,81.89,True,True,3,4.55
3365,A5_Spindle_Overload,spindle_speed,spindle_speed,True,0.20616,0.03633,0.12567,82.38,True,True,3,5.02
3366,A5_Spindle_Overload,spindle_speed,spindle_speed,True,0.23369,0.04995,0.12567,78.63,True,True,4,5.0
3367,A5_Spindle_Overload,spindle_speed,spindle_speed,True,0.22156,0.04081,0.12567,81.58,True,True,3,4.95
3368,A5_Spindle_Overload,spindle_speed,spindle_speed,True,0.24521,0.04585,0.12567,81.3,True,True,4,4.96
3369,A5_Spindle_Overload,spindle_speed,spindle_speed,True,0.24124,0.04372,0.12567,81.88,True,True,3,4.78
3370,A5_Spindle_Overload,spindle_speed,spindle_speed,True,0.26034,0.04615,0.12567,82.27,True,True,4,6.22
3371,A5_Spindle_Overload,spindle_speed,spindle_speed,True,0.28222,0.052,0.12567,81.58,True,True,5,4.89
3372,A5_Spindle_Overload,spindle_speed,spindle_speed,True,0.25377,0.04471,0.12567,82.38,True,True,4,5.14
3373,A5_Spindle_Overload,spindle_speed,spindle_speed,True,0.26371,0.04403,0.12567,83.3,True,True,4,5.17
3374,A5_Spindle_Overload,spindle_speed,spindle_speed,True,0.26548,0.04454,0.12567,83.22,True,True,4,4.95
3375,A5_Spindle_Overload,spindle_speed,spindle_speed,True,0.28095,0.04765,0.12567,83.04,True,True,4,4.73
3376,A5_Spindle_Overload,spindle_speed,spindle_speed,True,0.26753,0.04115,0.12567,84.62,True,True,3,4.66
3377,A5_Spindle_Overload,spindle_speed,spindle_speed,True,0.28556,0.05174,0.12567,81.88,True,True,5,4.61
3378,A5_Spindle_Overload,spindle_speed,spindle_speed,True,0.27677,0.04799,0.12567,82.66,True,True,4,4.69
3379,A5_Spindle_Overload,spindle_speed,spindle_speed,True,0.25955,0.03621,0.12567,86.05,True,True,3,5.23
3380,A5_Spindle_Overload,spindle_speed,spindle_speed,True,0.27272,0.04387,0.12567,83.91,True,True,4,4.88
3381,A5_Spindle_Overload,spindle_speed,spindle_speed,True,0.28944,0.04682,0.12567,83.82,True,True,4,4.72
3382,A5_Spindle_Overload,spindle_speed,spindle_speed,True,0.28368,0.04727,0.12567,83.34,True,True,4,4.85
3383,A5_Spindle_Overload,spindle_speed,spindle_speed,True,0.28573,0.04316,0.12567,84.89,True,True,4,4.68
3384,A5_Spindle_Overload,spindle_speed,spindle_speed,True,0.27861,0.0409,0.12567,85.32,True,True,3,5.3
3385,A5_Spindle_Overload,spindle_speed,spindle_speed,True,0.28029,0.04351,0.12567,84.48,True,True,4,4.71
3386,A5_Spindle_Overload,spindle_speed,spindle_speed,True,0.28412,0.04058,0.12567,85.72,True,True,3,5.0
3387,A5_Spindle_Overload,spindle_speed,spindle_speed,True,0.29457,0.04289,0.12567,85.44,True,True,3,5.1
3388,A5_Spindle_Overload,spindle_speed,spindle_speed,True,0.30256,0.04805,0.12567,84.12,True,True,4,4.63
3389,A5_Spindle_Overload,spindle_speed,spindle_speed,True,0.29931,0.04828,0.12567,83.87,True,True,5,5.08
3390,A5_Spindle_Overload,spindle_speed,spindle_speed,True,0.31749,0.04667,0.12567,85.3,True,True,4,4.79
3391,A5_Spindle_Overload,spindle_speed,spindle_speed,True,0.30166,0.0478,0.12567,84.16,True,True,4,4.99
3392,A5_Spindle_Overload,spindle_speed,spindle_speed,True,0.29056,0.0423,0.12567,85.44,True,True,3,4.97
3393,A5_Spindle_Overload,spindle_speed,spindle_speed,True,0.31219,0.04647,0.12567,85.11,True,True,4,5.21
3394,A5_Spindle_Overload,spindle_speed,spindle_speed,True,0.32778,0.05047,0.12567,84.6,True,True,5,4.64
3395,A5_Spindle_Overload,spindle_speed,spindle_speed,True,0.30343,0.04459,0.12567,85.31,True,True,4,4.6
3396,A5_Spindle_Overload,spindle_speed,spindle_speed,True,0.31994,0.05033,0.12567,84.27,True,True,4,4.69
3397,A5_Spindle_Overload,spindle_speed,spindle_speed,True,0.31463,0.05006,0.12567,84.09,True,True,4,5.09
3398,A5_Spindle_Overload,spindle_speed,spindle_speed,True,0.35761,0.05714,0.12567,84.02,True,True,4,4.47
