Window_Index,Scenario,True_Root_Cause,Proposed_Root_Cause,Proposed_Match,Current_Reading,Target_Reading,Required_Change,Direction,Unit,Orig_Score,CF_Score,Threshold,Validity,Sparsity,Proximity_L1,Proximity_L2,Actionability_Pct,Score_Reduction_Pct,Latency_ms,Explanation_Narrative
451,A1_Fan_Failure,fan_speed,fan_speed,True,0.0,1145.0,1145.0,increase,RPM,0.72454,0.06812,0.12567,True,2,0.04033,0.16937,50.0,90.6,7.15,"WHAT-IF ACTION: INCREASE Fan Speed from 0.00 RPM to 1145.00 RPM (+1145.00 RPM). Result: Anomaly reconstruction score drops from 0.7245 to 0.0681 (threshold: 0.1257), restoring the machine to verified normal operation."
452,A1_Fan_Failure,fan_speed,fan_speed,True,0.0,1145.0,1145.0,increase,RPM,0.73394,0.06559,0.12567,True,2,0.04805,0.22394,50.0,91.06,6.03,"WHAT-IF ACTION: INCREASE Fan Speed from 0.00 RPM to 1145.00 RPM (+1145.00 RPM). Result: Anomaly reconstruction score drops from 0.7339 to 0.0656 (threshold: 0.1257), restoring the machine to verified normal operation."
453,A1_Fan_Failure,fan_speed,fan_speed,True,0.0,1145.0,1145.0,increase,RPM,0.74811,0.06881,0.12567,True,2,0.05585,0.26758,50.0,90.8,6.01,"WHAT-IF ACTION: INCREASE Fan Speed from 0.00 RPM to 1145.00 RPM (+1145.00 RPM). Result: Anomaly reconstruction score drops from 0.7481 to 0.0688 (threshold: 0.1257), restoring the machine to verified normal operation."
454,A1_Fan_Failure,fan_speed,fan_speed,True,0.0,1145.0,1145.0,increase,RPM,0.74692,0.05521,0.12567,True,2,0.06359,0.30503,50.0,92.61,5.91,"WHAT-IF ACTION: INCREASE Fan Speed from 0.00 RPM to 1145.00 RPM (+1145.00 RPM). Result: Anomaly reconstruction score drops from 0.7469 to 0.0552 (threshold: 0.1257), restoring the machine to verified normal operation."
455,A1_Fan_Failure,fan_speed,fan_speed,True,0.0,1145.0,1145.0,increase,RPM,0.7697,0.05652,0.12567,True,2,0.07154,0.33844,50.0,92.66,5.8,"WHAT-IF ACTION: INCREASE Fan Speed from 0.00 RPM to 1145.00 RPM (+1145.00 RPM). Result: Anomaly reconstruction score drops from 0.7697 to 0.0565 (threshold: 0.1257), restoring the machine to verified normal operation."
456,A1_Fan_Failure,fan_speed,fan_speed,True,0.0,1145.0,1145.0,increase,RPM,0.85727,0.07673,0.12567,True,2,0.07929,0.36874,50.0,91.05,5.9,"WHAT-IF ACTION: INCREASE Fan Speed from 0.00 RPM to 1145.00 RPM (+1145.00 RPM). Result: Anomaly reconstruction score drops from 0.8573 to 0.0767 (threshold: 0.1257), restoring the machine to verified normal operation."
457,A1_Fan_Failure,fan_speed,fan_speed,True,0.0,1145.0,1145.0,increase,RPM,0.86646,0.05869,0.12567,True,2,0.08727,0.39682,50.0,93.23,5.6,"WHAT-IF ACTION: INCREASE Fan Speed from 0.00 RPM to 1145.00 RPM (+1145.00 RPM). Result: Anomaly reconstruction score drops from 0.8665 to 0.0587 (threshold: 0.1257), restoring the machine to verified normal operation."
458,A1_Fan_Failure,fan_speed,fan_speed,True,0.0,1145.0,1145.0,increase,RPM,0.88579,0.06384,0.12567,True,2,0.09523,0.42304,50.0,92.79,5.59,"WHAT-IF ACTION: INCREASE Fan Speed from 0.00 RPM to 1145.00 RPM (+1145.00 RPM). Result: Anomaly reconstruction score drops from 0.8858 to 0.0638 (threshold: 0.1257), restoring the machine to verified normal operation."
459,A1_Fan_Failure,fan_speed,fan_speed,True,0.0,1145.0,1145.0,increase,RPM,0.89804,0.06371,0.12567,True,2,0.10311,0.44771,50.0,92.91,5.6,"WHAT-IF ACTION: INCREASE Fan Speed from 0.00 RPM to 1145.00 RPM (+1145.00 RPM). Result: Anomaly reconstruction score drops from 0.8980 to 0.0637 (threshold: 0.1257), restoring the machine to verified normal operation."
460,A1_Fan_Failure,fan_speed,fan_speed,True,0.0,1145.0,1145.0,increase,RPM,0.92344,0.07668,0.12567,True,2,0.11102,0.47111,50.0,91.7,5.62,"WHAT-IF ACTION: INCREASE Fan Speed from 0.00 RPM to 1145.00 RPM (+1145.00 RPM). Result: Anomaly reconstruction score drops from 0.9234 to 0.0767 (threshold: 0.1257), restoring the machine to verified normal operation."
461,A1_Fan_Failure,fan_speed,fan_speed,True,0.0,1145.0,1145.0,increase,RPM,0.91274,0.06519,0.12567,True,2,0.1188,0.49337,50.0,92.86,5.83,"WHAT-IF ACTION: INCREASE Fan Speed from 0.00 RPM to 1145.00 RPM (+1145.00 RPM). Result: Anomaly reconstruction score drops from 0.9127 to 0.0652 (threshold: 0.1257), restoring the machine to verified normal operation."
462,A1_Fan_Failure,fan_speed,fan_speed,True,0.0,1145.0,1145.0,increase,RPM,0.94993,0.0839,0.12567,True,2,0.1266,0.51466,50.0,91.17,5.67,"WHAT-IF ACTION: INCREASE Fan Speed from 0.00 RPM to 1145.00 RPM (+1145.00 RPM). Result: Anomaly reconstruction score drops from 0.9499 to 0.0839 (threshold: 0.1257), restoring the machine to verified normal operation."
463,A1_Fan_Failure,fan_speed,fan_speed,True,0.0,1145.0,1145.0,increase,RPM,0.94672,0.07864,0.12567,True,2,0.13459,0.53515,50.0,91.69,5.81,"WHAT-IF ACTION: INCREASE Fan Speed from 0.00 RPM to 1145.00 RPM (+1145.00 RPM). Result: Anomaly reconstruction score drops from 0.9467 to 0.0786 (threshold: 0.1257), restoring the machine to verified normal operation."
464,A1_Fan_Failure,fan_speed,fan_speed,True,0.0,1145.0,1145.0,increase,RPM,0.94245,0.07177,0.12567,True,2,0.14253,0.55487,50.0,92.38,5.61,"WHAT-IF ACTION: INCREASE Fan Speed from 0.00 RPM to 1145.00 RPM (+1145.00 RPM). Result: Anomaly reconstruction score drops from 0.9424 to 0.0718 (threshold: 0.1257), restoring the machine to verified normal operation."
465,A1_Fan_Failure,fan_speed,fan_speed,True,0.0,1145.0,1145.0,increase,RPM,0.95097,0.07237,0.12567,True,2,0.15012,0.5738,50.0,92.39,5.65,"WHAT-IF ACTION: INCREASE Fan Speed from 0.00 RPM to 1145.00 RPM (+1145.00 RPM). Result: Anomaly reconstruction score drops from 0.9510 to 0.0724 (threshold: 0.1257), restoring the machine to verified normal operation."
466,A1_Fan_Failure,fan_speed,fan_speed,True,0.0,1145.0,1145.0,increase,RPM,0.97589,0.08556,0.12567,True,2,0.15784,0.59219,50.0,91.23,5.78,"WHAT-IF ACTION: INCREASE Fan Speed from 0.00 RPM to 1145.00 RPM (+1145.00 RPM). Result: Anomaly reconstruction score drops from 0.9759 to 0.0856 (threshold: 0.1257), restoring the machine to verified normal operation."
467,A1_Fan_Failure,fan_speed,fan_speed,True,0.0,1145.0,1145.0,increase,RPM,0.97023,0.07922,0.12567,True,2,0.1657,0.61006,50.0,91.83,5.8,"WHAT-IF ACTION: INCREASE Fan Speed from 0.00 RPM to 1145.00 RPM (+1145.00 RPM). Result: Anomaly reconstruction score drops from 0.9702 to 0.0792 (threshold: 0.1257), restoring the machine to verified normal operation."
468,A1_Fan_Failure,fan_speed,fan_speed,True,0.0,1145.0,1145.0,increase,RPM,0.9896,0.08273,0.12567,True,2,0.17357,0.62743,50.0,91.64,5.67,"WHAT-IF ACTION: INCREASE Fan Speed from 0.00 RPM to 1145.00 RPM (+1145.00 RPM). Result: Anomaly reconstruction score drops from 0.9896 to 0.0827 (threshold: 0.1257), restoring the machine to verified normal operation."
469,A1_Fan_Failure,fan_speed,fan_speed,True,0.0,1145.0,1145.0,increase,RPM,0.98257,0.07501,0.12567,True,2,0.18158,0.64433,50.0,92.37,5.62,"WHAT-IF ACTION: INCREASE Fan Speed from 0.00 RPM to 1145.00 RPM (+1145.00 RPM). Result: Anomaly reconstruction score drops from 0.9826 to 0.0750 (threshold: 0.1257), restoring the machine to verified normal operation."
470,A1_Fan_Failure,fan_speed,fan_speed,True,0.0,1145.0,1145.0,increase,RPM,0.98181,0.06927,0.12567,True,2,0.18944,0.66079,50.0,92.94,5.6,"WHAT-IF ACTION: INCREASE Fan Speed from 0.00 RPM to 1145.00 RPM (+1145.00 RPM). Result: Anomaly reconstruction score drops from 0.9818 to 0.0693 (threshold: 0.1257), restoring the machine to verified normal operation."
471,A1_Fan_Failure,fan_speed,fan_speed,True,0.0,1145.0,1145.0,increase,RPM,1.0211,0.09332,0.12567,True,2,0.19725,0.67685,50.0,90.86,7.27,"WHAT-IF ACTION: INCREASE Fan Speed from 0.00 RPM to 1145.00 RPM (+1145.00 RPM). Result: Anomaly reconstruction score drops from 1.0211 to 0.0933 (threshold: 0.1257), restoring the machine to verified normal operation."
472,A1_Fan_Failure,fan_speed,fan_speed,True,0.0,1145.0,1145.0,increase,RPM,1.00457,0.07367,0.12567,True,2,0.20483,0.69248,50.0,92.67,5.66,"WHAT-IF ACTION: INCREASE Fan Speed from 0.00 RPM to 1145.00 RPM (+1145.00 RPM). Result: Anomaly reconstruction score drops from 1.0046 to 0.0737 (threshold: 0.1257), restoring the machine to verified normal operation."
473,A1_Fan_Failure,fan_speed,fan_speed,True,0.0,1145.0,1145.0,increase,RPM,1.01449,0.07556,0.12567,True,2,0.21265,0.70781,50.0,92.55,5.65,"WHAT-IF ACTION: INCREASE Fan Speed from 0.00 RPM to 1145.00 RPM (+1145.00 RPM). Result: Anomaly reconstruction score drops from 1.0145 to 0.0756 (threshold: 0.1257), restoring the machine to verified normal operation."
474,A1_Fan_Failure,fan_speed,fan_speed,True,0.0,1145.0,1145.0,increase,RPM,1.00954,0.06898,0.12567,True,2,0.22033,0.72279,50.0,93.17,5.72,"WHAT-IF ACTION: INCREASE Fan Speed from 0.00 RPM to 1145.00 RPM (+1145.00 RPM). Result: Anomaly reconstruction score drops from 1.0095 to 0.0690 (threshold: 0.1257), restoring the machine to verified normal operation."
475,A1_Fan_Failure,fan_speed,fan_speed,True,0.0,1145.0,1145.0,increase,RPM,1.04556,0.08896,0.12567,True,2,0.22814,0.7375,50.0,91.49,5.76,"WHAT-IF ACTION: INCREASE Fan Speed from 0.00 RPM to 1145.00 RPM (+1145.00 RPM). Result: Anomaly reconstruction score drops from 1.0456 to 0.0890 (threshold: 0.1257), restoring the machine to verified normal operation."
476,A1_Fan_Failure,fan_speed,fan_speed,True,0.0,1145.0,1145.0,increase,RPM,1.0501,0.08433,0.12567,True,2,0.23587,0.7519,50.0,91.97,5.81,"WHAT-IF ACTION: INCREASE Fan Speed from 0.00 RPM to 1145.00 RPM (+1145.00 RPM). Result: Anomaly reconstruction score drops from 1.0501 to 0.0843 (threshold: 0.1257), restoring the machine to verified normal operation."
477,A1_Fan_Failure,fan_speed,fan_speed,True,0.0,1145.0,1145.0,increase,RPM,1.03565,0.08082,0.12567,True,2,0.24371,0.76604,50.0,92.2,5.7,"WHAT-IF ACTION: INCREASE Fan Speed from 0.00 RPM to 1145.00 RPM (+1145.00 RPM). Result: Anomaly reconstruction score drops from 1.0356 to 0.0808 (threshold: 0.1257), restoring the machine to verified normal operation."
478,A1_Fan_Failure,fan_speed,fan_speed,True,0.0,1145.0,1145.0,increase,RPM,1.03293,0.08872,0.12567,True,2,0.25153,0.77993,50.0,91.41,5.61,"WHAT-IF ACTION: INCREASE Fan Speed from 0.00 RPM to 1145.00 RPM (+1145.00 RPM). Result: Anomaly reconstruction score drops from 1.0329 to 0.0887 (threshold: 0.1257), restoring the machine to verified normal operation."
479,A1_Fan_Failure,fan_speed,fan_speed,True,0.0,1145.0,1145.0,increase,RPM,1.03853,0.10412,0.12567,True,2,0.25917,0.79355,50.0,89.97,5.59,"WHAT-IF ACTION: INCREASE Fan Speed from 0.00 RPM to 1145.00 RPM (+1145.00 RPM). Result: Anomaly reconstruction score drops from 1.0385 to 0.1041 (threshold: 0.1257), restoring the machine to verified normal operation."
480,A1_Fan_Failure,fan_speed,fan_speed,True,0.0,1145.0,1145.0,increase,RPM,1.02847,0.09081,0.12567,True,2,0.26686,0.80696,50.0,91.17,5.62,"WHAT-IF ACTION: INCREASE Fan Speed from 0.00 RPM to 1145.00 RPM (+1145.00 RPM). Result: Anomaly reconstruction score drops from 1.0285 to 0.0908 (threshold: 0.1257), restoring the machine to verified normal operation."
481,A1_Fan_Failure,fan_speed,fan_speed,True,0.0,1145.0,1145.0,increase,RPM,1.04958,0.10255,0.12567,True,2,0.27412,0.82004,50.0,90.23,5.74,"WHAT-IF ACTION: INCREASE Fan Speed from 0.00 RPM to 1145.00 RPM (+1145.00 RPM). Result: Anomaly reconstruction score drops from 1.0496 to 0.1025 (threshold: 0.1257), restoring the machine to verified normal operation."
482,A1_Fan_Failure,fan_speed,fan_speed,True,0.0,1145.0,1145.0,increase,RPM,1.06793,0.11051,0.12567,True,2,0.28166,0.83299,50.0,89.65,5.62,"WHAT-IF ACTION: INCREASE Fan Speed from 0.00 RPM to 1145.00 RPM (+1145.00 RPM). Result: Anomaly reconstruction score drops from 1.0679 to 0.1105 (threshold: 0.1257), restoring the machine to verified normal operation."
483,A1_Fan_Failure,fan_speed,fan_speed,True,0.0,1145.0,1145.0,increase,RPM,1.06932,0.10188,0.12567,True,2,0.28923,0.84575,50.0,90.47,5.63,"WHAT-IF ACTION: INCREASE Fan Speed from 0.00 RPM to 1145.00 RPM (+1145.00 RPM). Result: Anomaly reconstruction score drops from 1.0693 to 0.1019 (threshold: 0.1257), restoring the machine to verified normal operation."
484,A1_Fan_Failure,fan_speed,fan_speed,True,0.0,1145.0,1145.0,increase,RPM,1.08114,0.10613,0.12567,True,2,0.29656,0.85825,50.0,90.18,5.74,"WHAT-IF ACTION: INCREASE Fan Speed from 0.00 RPM to 1145.00 RPM (+1145.00 RPM). Result: Anomaly reconstruction score drops from 1.0811 to 0.1061 (threshold: 0.1257), restoring the machine to verified normal operation."
485,A1_Fan_Failure,fan_speed,fan_speed,True,0.0,1145.0,1145.0,increase,RPM,1.05485,0.07008,0.12567,True,2,0.30381,0.87054,50.0,93.36,6.4,"WHAT-IF ACTION: INCREASE Fan Speed from 0.00 RPM to 1145.00 RPM (+1145.00 RPM). Result: Anomaly reconstruction score drops from 1.0548 to 0.0701 (threshold: 0.1257), restoring the machine to verified normal operation."
781,A2_Lubrication_Leak,lubrication_flow,lubrication_flow,True,0.05,3.5,3.45,increase,L/min,1.96747,0.02162,0.12567,True,4,0.10681,0.30936,50.0,98.9,5.8,"WHAT-IF ACTION: INCREASE Lubrication Flow from 0.05 L/min to 3.50 L/min (+3.45 L/min). Result: Anomaly reconstruction score drops from 1.9675 to 0.0216 (threshold: 0.1257), restoring the machine to verified normal operation."
782,A2_Lubrication_Leak,lubrication_flow,lubrication_flow,True,0.05,3.5,3.45,increase,L/min,2.0042,0.02156,0.12567,True,4,0.12518,0.40952,50.0,98.92,5.66,"WHAT-IF ACTION: INCREASE Lubrication Flow from 0.05 L/min to 3.50 L/min (+3.45 L/min). Result: Anomaly reconstruction score drops from 2.0042 to 0.0216 (threshold: 0.1257), restoring the machine to verified normal operation."
783,A2_Lubrication_Leak,lubrication_flow,lubrication_flow,True,0.05,3.5,3.45,increase,L/min,2.03517,0.02508,0.12567,True,4,0.14313,0.48936,50.0,98.77,5.62,"WHAT-IF ACTION: INCREASE Lubrication Flow from 0.05 L/min to 3.50 L/min (+3.45 L/min). Result: Anomaly reconstruction score drops from 2.0352 to 0.0251 (threshold: 0.1257), restoring the machine to verified normal operation."
784,A2_Lubrication_Leak,lubrication_flow,lubrication_flow,True,0.05,3.5,3.45,increase,L/min,2.08098,0.0213,0.12567,True,4,0.16156,0.55858,50.0,98.98,5.62,"WHAT-IF ACTION: INCREASE Lubrication Flow from 0.05 L/min to 3.50 L/min (+3.45 L/min). Result: Anomaly reconstruction score drops from 2.0810 to 0.0213 (threshold: 0.1257), restoring the machine to verified normal operation."
785,A2_Lubrication_Leak,lubrication_flow,lubrication_flow,True,0.05,3.5,3.45,increase,L/min,2.10918,0.02412,0.12567,True,4,0.17932,0.61973,50.0,98.86,5.63,"WHAT-IF ACTION: INCREASE Lubrication Flow from 0.05 L/min to 3.50 L/min (+3.45 L/min). Result: Anomaly reconstruction score drops from 2.1092 to 0.0241 (threshold: 0.1257), restoring the machine to verified normal operation."
786,A2_Lubrication_Leak,lubrication_flow,lubrication_flow,True,0.05,3.5,3.45,increase,L/min,2.12754,0.02189,0.12567,True,4,0.19758,0.67519,50.0,98.97,5.82,"WHAT-IF ACTION: INCREASE Lubrication Flow from 0.05 L/min to 3.50 L/min (+3.45 L/min). Result: Anomaly reconstruction score drops from 2.1275 to 0.0219 (threshold: 0.1257), restoring the machine to verified normal operation."
787,A2_Lubrication_Leak,lubrication_flow,lubrication_flow,True,0.05,3.5,3.45,increase,L/min,2.16477,0.02118,0.12567,True,4,0.21585,0.72656,50.0,99.02,5.84,"WHAT-IF ACTION: INCREASE Lubrication Flow from 0.05 L/min to 3.50 L/min (+3.45 L/min). Result: Anomaly reconstruction score drops from 2.1648 to 0.0212 (threshold: 0.1257), restoring the machine to verified normal operation."
788,A2_Lubrication_Leak,lubrication_flow,lubrication_flow,True,0.05,3.5,3.45,increase,L/min,2.21095,0.02287,0.12567,True,4,0.23378,0.77467,50.0,98.97,7.07,"WHAT-IF ACTION: INCREASE Lubrication Flow from 0.05 L/min to 3.50 L/min (+3.45 L/min). Result: Anomaly reconstruction score drops from 2.2110 to 0.0229 (threshold: 0.1257), restoring the machine to verified normal operation."
789,A2_Lubrication_Leak,lubrication_flow,lubrication_flow,True,0.05,3.5,3.45,increase,L/min,2.228,0.02287,0.12567,True,4,0.25205,0.81976,50.0,98.97,5.86,"WHAT-IF ACTION: INCREASE Lubrication Flow from 0.05 L/min to 3.50 L/min (+3.45 L/min). Result: Anomaly reconstruction score drops from 2.2280 to 0.0229 (threshold: 0.1257), restoring the machine to verified normal operation."
790,A2_Lubrication_Leak,lubrication_flow,lubrication_flow,True,0.05,3.5,3.45,increase,L/min,2.26038,0.02162,0.12567,True,4,0.27086,0.8626,50.0,99.04,5.64,"WHAT-IF ACTION: INCREASE Lubrication Flow from 0.05 L/min to 3.50 L/min (+3.45 L/min). Result: Anomaly reconstruction score drops from 2.2604 to 0.0216 (threshold: 0.1257), restoring the machine to verified normal operation."
791,A2_Lubrication_Leak,lubrication_flow,lubrication_flow,True,0.05,3.5,3.45,increase,L/min,2.29529,0.02469,0.12567,True,4,0.28872,0.90327,50.0,98.92,5.84,"WHAT-IF ACTION: INCREASE Lubrication Flow from 0.05 L/min to 3.50 L/min (+3.45 L/min). Result: Anomaly reconstruction score drops from 2.2953 to 0.0247 (threshold: 0.1257), restoring the machine to verified normal operation."
792,A2_Lubrication_Leak,lubrication_flow,lubrication_flow,True,0.05,3.5,3.45,increase,L/min,2.33454,0.02123,0.12567,True,4,0.30687,0.94237,50.0,99.09,5.61,"WHAT-IF ACTION: INCREASE Lubrication Flow from 0.05 L/min to 3.50 L/min (+3.45 L/min). Result: Anomaly reconstruction score drops from 2.3345 to 0.0212 (threshold: 0.1257), restoring the machine to verified normal operation."
793,A2_Lubrication_Leak,lubrication_flow,lubrication_flow,True,0.05,3.5,3.45,increase,L/min,2.36025,0.02219,0.12567,True,4,0.32506,0.97982,50.0,99.06,5.64,"WHAT-IF ACTION: INCREASE Lubrication Flow from 0.05 L/min to 3.50 L/min (+3.45 L/min). Result: Anomaly reconstruction score drops from 2.3602 to 0.0222 (threshold: 0.1257), restoring the machine to verified normal operation."
794,A2_Lubrication_Leak,lubrication_flow,lubrication_flow,True,0.05,3.5,3.45,increase,L/min,2.40262,0.02133,0.12567,True,4,0.34313,1.01604,50.0,99.11,5.63,"WHAT-IF ACTION: INCREASE Lubrication Flow from 0.05 L/min to 3.50 L/min (+3.45 L/min). Result: Anomaly reconstruction score drops from 2.4026 to 0.0213 (threshold: 0.1257), restoring the machine to verified normal operation."
795,A2_Lubrication_Leak,lubrication_flow,lubrication_flow,True,0.05,3.5,3.45,increase,L/min,2.42892,0.02356,0.12567,True,4,0.36147,1.05097,50.0,99.03,5.55,"WHAT-IF ACTION: INCREASE Lubrication Flow from 0.05 L/min to 3.50 L/min (+3.45 L/min). Result: Anomaly reconstruction score drops from 2.4289 to 0.0236 (threshold: 0.1257), restoring the machine to verified normal operation."
796,A2_Lubrication_Leak,lubrication_flow,lubrication_flow,True,0.05,3.5,3.45,increase,L/min,2.48407,0.02499,0.12567,True,4,0.37982,1.0851,50.0,98.99,5.72,"WHAT-IF ACTION: INCREASE Lubrication Flow from 0.05 L/min to 3.50 L/min (+3.45 L/min). Result: Anomaly reconstruction score drops from 2.4841 to 0.0250 (threshold: 0.1257), restoring the machine to verified normal operation."
797,A2_Lubrication_Leak,lubrication_flow,lubrication_flow,True,0.05,3.5,3.45,increase,L/min,2.49074,0.02153,0.12567,True,4,0.39773,1.11773,50.0,99.14,5.63,"WHAT-IF ACTION: INCREASE Lubrication Flow from 0.05 L/min to 3.50 L/min (+3.45 L/min). Result: Anomaly reconstruction score drops from 2.4907 to 0.0215 (threshold: 0.1257), restoring the machine to verified normal operation."
798,A2_Lubrication_Leak,lubrication_flow,lubrication_flow,True,0.05,3.5,3.45,increase,L/min,2.53516,0.02164,0.12567,True,4,0.41573,1.1496,50.0,99.15,5.63,"WHAT-IF ACTION: INCREASE Lubrication Flow from 0.05 L/min to 3.50 L/min (+3.45 L/min). Result: Anomaly reconstruction score drops from 2.5352 to 0.0216 (threshold: 0.1257), restoring the machine to verified normal operation."
799,A2_Lubrication_Leak,lubrication_flow,lubrication_flow,True,0.05,3.5,3.45,increase,L/min,2.56473,0.02286,0.12567,True,4,0.43376,1.18061,50.0,99.11,5.66,"WHAT-IF ACTION: INCREASE Lubrication Flow from 0.05 L/min to 3.50 L/min (+3.45 L/min). Result: Anomaly reconstruction score drops from 2.5647 to 0.0229 (threshold: 0.1257), restoring the machine to verified normal operation."
800,A2_Lubrication_Leak,lubrication_flow,lubrication_flow,True,0.05,3.5,3.45,increase,L/min,2.59272,0.02245,0.12567,True,4,0.45221,1.21079,50.0,99.13,5.72,"WHAT-IF ACTION: INCREASE Lubrication Flow from 0.05 L/min to 3.50 L/min (+3.45 L/min). Result: Anomaly reconstruction score drops from 2.5927 to 0.0225 (threshold: 0.1257), restoring the machine to verified normal operation."
801,A2_Lubrication_Leak,lubrication_flow,lubrication_flow,True,0.05,3.5,3.45,increase,L/min,2.62179,0.0234,0.12567,True,4,0.47034,1.24014,50.0,99.11,5.78,"WHAT-IF ACTION: INCREASE Lubrication Flow from 0.05 L/min to 3.50 L/min (+3.45 L/min). Result: Anomaly reconstruction score drops from 2.6218 to 0.0234 (threshold: 0.1257), restoring the machine to verified normal operation."
802,A2_Lubrication_Leak,lubrication_flow,lubrication_flow,True,0.05,3.5,3.45,increase,L/min,2.65716,0.02449,0.12567,True,4,0.48797,1.26875,50.0,99.08,5.65,"WHAT-IF ACTION: INCREASE Lubrication Flow from 0.05 L/min to 3.50 L/min (+3.45 L/min). Result: Anomaly reconstruction score drops from 2.6572 to 0.0245 (threshold: 0.1257), restoring the machine to verified normal operation."
803,A2_Lubrication_Leak,lubrication_flow,lubrication_flow,True,0.05,3.5,3.45,increase,L/min,2.70728,0.02311,0.12567,True,4,0.50577,1.29694,50.0,99.15,5.66,"WHAT-IF ACTION: INCREASE Lubrication Flow from 0.05 L/min to 3.50 L/min (+3.45 L/min). Result: Anomaly reconstruction score drops from 2.7073 to 0.0231 (threshold: 0.1257), restoring the machine to verified normal operation."
804,A2_Lubrication_Leak,lubrication_flow,lubrication_flow,True,0.05,3.5,3.45,increase,L/min,2.73117,0.02511,0.12567,True,4,0.5243,1.32457,50.0,99.08,6.15,"WHAT-IF ACTION: INCREASE Lubrication Flow from 0.05 L/min to 3.50 L/min (+3.45 L/min). Result: Anomaly reconstruction score drops from 2.7312 to 0.0251 (threshold: 0.1257), restoring the machine to verified normal operation."
805,A2_Lubrication_Leak,lubrication_flow,lubrication_flow,True,0.05,3.5,3.45,increase,L/min,2.76865,0.0258,0.12567,True,4,0.5424,1.3516,50.0,99.07,5.67,"WHAT-IF ACTION: INCREASE Lubrication Flow from 0.05 L/min to 3.50 L/min (+3.45 L/min). Result: Anomaly reconstruction score drops from 2.7687 to 0.0258 (threshold: 0.1257), restoring the machine to verified normal operation."
806,A2_Lubrication_Leak,lubrication_flow,lubrication_flow,True,0.05,3.5,3.45,increase,L/min,2.78619,0.02218,0.12567,True,4,0.56018,1.37785,50.0,99.2,5.69,"WHAT-IF ACTION: INCREASE Lubrication Flow from 0.05 L/min to 3.50 L/min (+3.45 L/min). Result: Anomaly reconstruction score drops from 2.7862 to 0.0222 (threshold: 0.1257), restoring the machine to verified normal operation."
807,A2_Lubrication_Leak,lubrication_flow,lubrication_flow,True,0.05,3.5,3.45,increase,L/min,2.82885,0.02315,0.12567,True,4,0.57836,1.40383,50.0,99.18,5.72,"WHAT-IF ACTION: INCREASE Lubrication Flow from 0.05 L/min to 3.50 L/min (+3.45 L/min). Result: Anomaly reconstruction score drops from 2.8288 to 0.0231 (threshold: 0.1257), restoring the machine to verified normal operation."
808,A2_Lubrication_Leak,lubrication_flow,lubrication_flow,True,0.05,3.5,3.45,increase,L/min,2.86867,0.02268,0.12567,True,4,0.59636,1.42936,50.0,99.21,5.58,"WHAT-IF ACTION: INCREASE Lubrication Flow from 0.05 L/min to 3.50 L/min (+3.45 L/min). Result: Anomaly reconstruction score drops from 2.8687 to 0.0227 (threshold: 0.1257), restoring the machine to verified normal operation."
809,A2_Lubrication_Leak,lubrication_flow,lubrication_flow,True,0.05,3.5,3.45,increase,L/min,2.89186,0.02223,0.12567,True,4,0.61417,1.45428,50.0,99.23,5.64,"WHAT-IF ACTION: INCREASE Lubrication Flow from 0.05 L/min to 3.50 L/min (+3.45 L/min). Result: Anomaly reconstruction score drops from 2.8919 to 0.0222 (threshold: 0.1257), restoring the machine to verified normal operation."
810,A2_Lubrication_Leak,lubrication_flow,lubrication_flow,True,0.05,3.5,3.45,increase,L/min,2.9333,0.02409,0.12567,True,4,0.63271,1.47901,50.0,99.18,5.64,"WHAT-IF ACTION: INCREASE Lubrication Flow from 0.05 L/min to 3.50 L/min (+3.45 L/min). Result: Anomaly reconstruction score drops from 2.9333 to 0.0241 (threshold: 0.1257), restoring the machine to verified normal operation."
811,A2_Lubrication_Leak,lubrication_flow,lubrication_flow,True,0.05,3.5,3.45,increase,L/min,2.95551,0.02399,0.12567,True,4,0.65055,1.50313,50.0,99.19,5.94,"WHAT-IF ACTION: INCREASE Lubrication Flow from 0.05 L/min to 3.50 L/min (+3.45 L/min). Result: Anomaly reconstruction score drops from 2.9555 to 0.0240 (threshold: 0.1257), restoring the machine to verified normal operation."
812,A2_Lubrication_Leak,lubrication_flow,lubrication_flow,True,0.05,3.5,3.45,increase,L/min,2.98104,0.02324,0.12567,True,4,0.66813,1.52673,50.0,99.22,5.75,"WHAT-IF ACTION: INCREASE Lubrication Flow from 0.05 L/min to 3.50 L/min (+3.45 L/min). Result: Anomaly reconstruction score drops from 2.9810 to 0.0232 (threshold: 0.1257), restoring the machine to verified normal operation."
813,A2_Lubrication_Leak,lubrication_flow,lubrication_flow,True,0.05,3.5,3.45,increase,L/min,3.00864,0.02275,0.12567,True,4,0.68522,1.54979,50.0,99.24,5.59,"WHAT-IF ACTION: INCREASE Lubrication Flow from 0.05 L/min to 3.50 L/min (+3.45 L/min). Result: Anomaly reconstruction score drops from 3.0086 to 0.0228 (threshold: 0.1257), restoring the machine to verified normal operation."
814,A2_Lubrication_Leak,lubrication_flow,lubrication_flow,True,0.05,3.5,3.45,increase,L/min,3.05824,0.02276,0.12567,True,4,0.70318,1.57289,50.0,99.26,5.67,"WHAT-IF ACTION: INCREASE Lubrication Flow from 0.05 L/min to 3.50 L/min (+3.45 L/min). Result: Anomaly reconstruction score drops from 3.0582 to 0.0228 (threshold: 0.1257), restoring the machine to verified normal operation."
815,A2_Lubrication_Leak,lubrication_flow,lubrication_flow,True,0.05,3.5,3.45,increase,L/min,3.08656,0.02108,0.12567,True,4,0.72103,1.59557,50.0,99.32,5.7,"WHAT-IF ACTION: INCREASE Lubrication Flow from 0.05 L/min to 3.50 L/min (+3.45 L/min). Result: Anomaly reconstruction score drops from 3.0866 to 0.0211 (threshold: 0.1257), restoring the machine to verified normal operation."
1741,A3_Heatwave,ambient_temp,ambient_temp,True,52.13,26.12,-26.01,decrease,°C,0.28281,0.04405,0.12567,True,2,0.03243,0.11751,50.0,84.42,5.71,"WHAT-IF ACTION: DECREASE Ambient Temp from 52.13 °C to 26.12 °C (-26.01 °C). Result: Anomaly reconstruction score drops from 0.2828 to 0.0441 (threshold: 0.1257), restoring the machine to verified normal operation."
1742,A3_Heatwave,ambient_temp,ambient_temp,True,52.53,26.12,-26.41,decrease,°C,0.24477,0.031,0.12567,True,2,0.03656,0.1459,50.0,87.33,5.68,"WHAT-IF ACTION: DECREASE Ambient Temp from 52.53 °C to 26.12 °C (-26.41 °C). Result: Anomaly reconstruction score drops from 0.2448 to 0.0310 (threshold: 0.1257), restoring the machine to verified normal operation."
1743,A3_Heatwave,ambient_temp,ambient_temp,True,51.7,26.12,-25.58,decrease,°C,0.22422,0.02627,0.12567,True,2,0.04054,0.16851,50.0,88.28,5.7,"WHAT-IF ACTION: DECREASE Ambient Temp from 51.70 °C to 26.12 °C (-25.58 °C). Result: Anomaly reconstruction score drops from 0.2242 to 0.0263 (threshold: 0.1257), restoring the machine to verified normal operation."
1744,A3_Heatwave,ambient_temp,ambient_temp,True,52.91,26.12,-26.79,decrease,°C,0.22455,0.02253,0.12567,True,2,0.04479,0.18962,50.0,89.97,5.62,"WHAT-IF ACTION: DECREASE Ambient Temp from 52.91 °C to 26.12 °C (-26.79 °C). Result: Anomaly reconstruction score drops from 0.2246 to 0.0225 (threshold: 0.1257), restoring the machine to verified normal operation."
1745,A3_Heatwave,ambient_temp,ambient_temp,True,52.22,26.12,-26.1,decrease,°C,0.2035,0.01794,0.12567,True,2,0.04869,0.2073,50.0,91.18,5.57,"WHAT-IF ACTION: DECREASE Ambient Temp from 52.22 °C to 26.12 °C (-26.10 °C). Result: Anomaly reconstruction score drops from 0.2035 to 0.0179 (threshold: 0.1257), restoring the machine to verified normal operation."
1746,A3_Heatwave,ambient_temp,ambient_temp,True,51.39,26.12,-25.27,decrease,°C,0.1979,0.01827,0.12567,True,2,0.05247,0.22293,50.0,90.77,5.62,"WHAT-IF ACTION: DECREASE Ambient Temp from 51.39 °C to 26.12 °C (-25.27 °C). Result: Anomaly reconstruction score drops from 0.1979 to 0.0183 (threshold: 0.1257), restoring the machine to verified normal operation."
1747,A3_Heatwave,ambient_temp,ambient_temp,True,51.66,26.12,-25.54,decrease,°C,0.20212,0.02332,0.12567,True,2,0.05643,0.23799,50.0,88.46,5.68,"WHAT-IF ACTION: DECREASE Ambient Temp from 51.66 °C to 26.12 °C (-25.54 °C). Result: Anomaly reconstruction score drops from 0.2021 to 0.0233 (threshold: 0.1257), restoring the machine to verified normal operation."
1748,A3_Heatwave,ambient_temp,ambient_temp,True,52.57,26.12,-26.45,decrease,°C,0.20997,0.01734,0.12567,True,2,0.06066,0.25316,50.0,91.74,5.59,"WHAT-IF ACTION: DECREASE Ambient Temp from 52.57 °C to 26.12 °C (-26.45 °C). Result: Anomaly reconstruction score drops from 0.2100 to 0.0173 (threshold: 0.1257), restoring the machine to verified normal operation."
1749,A3_Heatwave,ambient_temp,ambient_temp,True,52.5,26.12,-26.38,decrease,°C,0.23986,0.04659,0.12567,True,2,0.0649,0.26756,50.0,80.57,5.57,"WHAT-IF ACTION: DECREASE Ambient Temp from 52.50 °C to 26.12 °C (-26.38 °C). Result: Anomaly reconstruction score drops from 0.2399 to 0.0466 (threshold: 0.1257), restoring the machine to verified normal operation."
1750,A3_Heatwave,ambient_temp,ambient_temp,True,52.01,26.12,-25.89,decrease,°C,0.2406,0.051,0.12567,True,2,0.06908,0.28106,50.0,78.8,5.6,"WHAT-IF ACTION: DECREASE Ambient Temp from 52.01 °C to 26.12 °C (-25.89 °C). Result: Anomaly reconstruction score drops from 0.2406 to 0.0510 (threshold: 0.1257), restoring the machine to verified normal operation."
1751,A3_Heatwave,ambient_temp,ambient_temp,True,52.06,26.12,-25.94,decrease,°C,0.22131,0.02742,0.12567,True,2,0.07308,0.29353,50.0,87.61,5.69,"WHAT-IF ACTION: DECREASE Ambient Temp from 52.06 °C to 26.12 °C (-25.94 °C). Result: Anomaly reconstruction score drops from 0.2213 to 0.0274 (threshold: 0.1257), restoring the machine to verified normal operation."
1752,A3_Heatwave,ambient_temp,ambient_temp,True,51.53,26.12,-25.41,decrease,°C,0.21618,0.03252,0.12567,True,2,0.07706,0.3051,50.0,84.96,5.56,"WHAT-IF ACTION: DECREASE Ambient Temp from 51.53 °C to 26.12 °C (-25.41 °C). Result: Anomaly reconstruction score drops from 0.2162 to 0.0325 (threshold: 0.1257), restoring the machine to verified normal operation."
1753,A3_Heatwave,ambient_temp,ambient_temp,True,52.53,26.12,-26.41,decrease,°C,0.23127,0.02602,0.12567,True,2,0.08115,0.31715,50.0,88.75,5.6,"WHAT-IF ACTION: DECREASE Ambient Temp from 52.53 °C to 26.12 °C (-26.41 °C). Result: Anomaly reconstruction score drops from 0.2313 to 0.0260 (threshold: 0.1257), restoring the machine to verified normal operation."
1754,A3_Heatwave,ambient_temp,ambient_temp,True,51.6,26.12,-25.48,decrease,°C,0.23547,0.04297,0.12567,True,2,0.08509,0.32793,50.0,81.75,5.69,"WHAT-IF ACTION: DECREASE Ambient Temp from 51.60 °C to 26.12 °C (-25.48 °C). Result: Anomaly reconstruction score drops from 0.2355 to 0.0430 (threshold: 0.1257), restoring the machine to verified normal operation."
1755,A3_Heatwave,ambient_temp,ambient_temp,True,52.34,26.12,-26.22,decrease,°C,0.24918,0.02824,0.12567,True,2,0.08926,0.3389,50.0,88.67,5.67,"WHAT-IF ACTION: DECREASE Ambient Temp from 52.34 °C to 26.12 °C (-26.22 °C). Result: Anomaly reconstruction score drops from 0.2492 to 0.0282 (threshold: 0.1257), restoring the machine to verified normal operation."
1756,A3_Heatwave,ambient_temp,ambient_temp,True,52.54,26.12,-26.42,decrease,°C,0.25751,0.0269,0.12567,True,2,0.09358,0.34976,50.0,89.55,5.73,"WHAT-IF ACTION: DECREASE Ambient Temp from 52.54 °C to 26.12 °C (-26.42 °C). Result: Anomaly reconstruction score drops from 0.2575 to 0.0269 (threshold: 0.1257), restoring the machine to verified normal operation."
1757,A3_Heatwave,ambient_temp,ambient_temp,True,52.02,26.12,-25.9,decrease,°C,0.24644,0.02255,0.12567,True,2,0.09729,0.35933,50.0,90.85,5.65,"WHAT-IF ACTION: DECREASE Ambient Temp from 52.02 °C to 26.12 °C (-25.90 °C). Result: Anomaly reconstruction score drops from 0.2464 to 0.0226 (threshold: 0.1257), restoring the machine to verified normal operation."
1758,A3_Heatwave,ambient_temp,ambient_temp,True,52.39,26.12,-26.27,decrease,°C,0.26562,0.03252,0.12567,True,2,0.10151,0.36949,50.0,87.76,5.6,"WHAT-IF ACTION: DECREASE Ambient Temp from 52.39 °C to 26.12 °C (-26.27 °C). Result: Anomaly reconstruction score drops from 0.2656 to 0.0325 (threshold: 0.1257), restoring the machine to verified normal operation."
1759,A3_Heatwave,ambient_temp,ambient_temp,True,52.74,26.12,-26.62,decrease,°C,0.2692,0.03401,0.12567,True,2,0.1058,0.37969,50.0,87.37,5.59,"WHAT-IF ACTION: DECREASE Ambient Temp from 52.74 °C to 26.12 °C (-26.62 °C). Result: Anomaly reconstruction score drops from 0.2692 to 0.0340 (threshold: 0.1257), restoring the machine to verified normal operation."
1760,A3_Heatwave,ambient_temp,ambient_temp,True,52.11,26.12,-25.99,decrease,°C,0.25944,0.02295,0.12567,True,2,0.11,0.38906,50.0,91.15,5.54,"WHAT-IF ACTION: DECREASE Ambient Temp from 52.11 °C to 26.12 °C (-25.99 °C). Result: Anomaly reconstruction score drops from 0.2594 to 0.0230 (threshold: 0.1257), restoring the machine to verified normal operation."
1761,A3_Heatwave,ambient_temp,ambient_temp,True,51.93,26.12,-25.81,decrease,°C,0.25452,0.03458,0.12567,True,2,0.11408,0.39796,50.0,86.42,6.28,"WHAT-IF ACTION: DECREASE Ambient Temp from 51.93 °C to 26.12 °C (-25.81 °C). Result: Anomaly reconstruction score drops from 0.2545 to 0.0346 (threshold: 0.1257), restoring the machine to verified normal operation."
1762,A3_Heatwave,ambient_temp,ambient_temp,True,51.97,26.12,-25.85,decrease,°C,0.25741,0.02364,0.12567,True,2,0.11819,0.40683,50.0,90.81,6.24,"WHAT-IF ACTION: DECREASE Ambient Temp from 51.97 °C to 26.12 °C (-25.85 °C). Result: Anomaly reconstruction score drops from 0.2574 to 0.0236 (threshold: 0.1257), restoring the machine to verified normal operation."
1763,A3_Heatwave,ambient_temp,ambient_temp,True,51.7,26.12,-25.58,decrease,°C,0.25956,0.02437,0.12567,True,2,0.12229,0.41537,50.0,90.61,5.58,"WHAT-IF ACTION: DECREASE Ambient Temp from 51.70 °C to 26.12 °C (-25.58 °C). Result: Anomaly reconstruction score drops from 0.2596 to 0.0244 (threshold: 0.1257), restoring the machine to verified normal operation."
1764,A3_Heatwave,ambient_temp,ambient_temp,True,51.69,26.12,-25.57,decrease,°C,0.25922,0.02838,0.12567,True,2,0.12624,0.42358,50.0,89.05,5.58,"WHAT-IF ACTION: DECREASE Ambient Temp from 51.69 °C to 26.12 °C (-25.57 °C). Result: Anomaly reconstruction score drops from 0.2592 to 0.0284 (threshold: 0.1257), restoring the machine to verified normal operation."
1765,A3_Heatwave,ambient_temp,ambient_temp,True,52.18,26.12,-26.06,decrease,°C,0.2706,0.0349,0.12567,True,2,0.1303,0.43206,50.0,87.1,5.56,"WHAT-IF ACTION: DECREASE Ambient Temp from 52.18 °C to 26.12 °C (-26.06 °C). Result: Anomaly reconstruction score drops from 0.2706 to 0.0349 (threshold: 0.1257), restoring the machine to verified normal operation."
1766,A3_Heatwave,ambient_temp,ambient_temp,True,51.93,26.12,-25.81,decrease,°C,0.26883,0.03252,0.12567,True,2,0.13426,0.44023,50.0,87.9,5.7,"WHAT-IF ACTION: DECREASE Ambient Temp from 51.93 °C to 26.12 °C (-25.81 °C). Result: Anomaly reconstruction score drops from 0.2688 to 0.0325 (threshold: 0.1257), restoring the machine to verified normal operation."
1767,A3_Heatwave,ambient_temp,ambient_temp,True,52.13,26.12,-26.01,decrease,°C,0.27491,0.03513,0.12567,True,2,0.13838,0.44831,50.0,87.22,5.62,"WHAT-IF ACTION: DECREASE Ambient Temp from 52.13 °C to 26.12 °C (-26.01 °C). Result: Anomaly reconstruction score drops from 0.2749 to 0.0351 (threshold: 0.1257), restoring the machine to verified normal operation."
1768,A3_Heatwave,ambient_temp,ambient_temp,True,51.4,26.12,-25.28,decrease,°C,0.26895,0.03188,0.12567,True,2,0.14235,0.456,50.0,88.15,5.65,"WHAT-IF ACTION: DECREASE Ambient Temp from 51.40 °C to 26.12 °C (-25.28 °C). Result: Anomaly reconstruction score drops from 0.2690 to 0.0319 (threshold: 0.1257), restoring the machine to verified normal operation."
1769,A3_Heatwave,ambient_temp,ambient_temp,True,51.96,26.12,-25.84,decrease,°C,0.28367,0.03044,0.12567,True,2,0.14653,0.46384,50.0,89.27,5.56,"WHAT-IF ACTION: DECREASE Ambient Temp from 51.96 °C to 26.12 °C (-25.84 °C). Result: Anomaly reconstruction score drops from 0.2837 to 0.0304 (threshold: 0.1257), restoring the machine to verified normal operation."
1770,A3_Heatwave,ambient_temp,ambient_temp,True,52.41,26.12,-26.29,decrease,°C,0.29233,0.04357,0.12567,True,2,0.15083,0.47188,50.0,85.09,5.55,"WHAT-IF ACTION: DECREASE Ambient Temp from 52.41 °C to 26.12 °C (-26.29 °C). Result: Anomaly reconstruction score drops from 0.2923 to 0.0436 (threshold: 0.1257), restoring the machine to verified normal operation."
1771,A3_Heatwave,ambient_temp,ambient_temp,True,51.55,26.12,-25.43,decrease,°C,0.27842,0.03638,0.12567,True,2,0.15514,0.47942,50.0,86.93,5.7,"WHAT-IF ACTION: DECREASE Ambient Temp from 51.55 °C to 26.12 °C (-25.43 °C). Result: Anomaly reconstruction score drops from 0.2784 to 0.0364 (threshold: 0.1257), restoring the machine to verified normal operation."
1772,A3_Heatwave,ambient_temp,ambient_temp,True,52.01,26.12,-25.89,decrease,°C,0.28968,0.03866,0.12567,True,2,0.15939,0.48695,50.0,86.66,5.63,"WHAT-IF ACTION: DECREASE Ambient Temp from 52.01 °C to 26.12 °C (-25.89 °C). Result: Anomaly reconstruction score drops from 0.2897 to 0.0387 (threshold: 0.1257), restoring the machine to verified normal operation."
1773,A3_Heatwave,ambient_temp,ambient_temp,True,51.26,26.12,-25.14,decrease,°C,0.27941,0.03403,0.12567,True,2,0.16342,0.49397,50.0,87.82,5.6,"WHAT-IF ACTION: DECREASE Ambient Temp from 51.26 °C to 26.12 °C (-25.14 °C). Result: Anomaly reconstruction score drops from 0.2794 to 0.0340 (threshold: 0.1257), restoring the machine to verified normal operation."
1774,A3_Heatwave,ambient_temp,ambient_temp,True,51.48,26.12,-25.36,decrease,°C,0.29157,0.03525,0.12567,True,2,0.1675,0.50105,50.0,87.91,5.6,"WHAT-IF ACTION: DECREASE Ambient Temp from 51.48 °C to 26.12 °C (-25.36 °C). Result: Anomaly reconstruction score drops from 0.2916 to 0.0353 (threshold: 0.1257), restoring the machine to verified normal operation."
1775,A3_Heatwave,ambient_temp,ambient_temp,True,52.32,26.12,-26.2,decrease,°C,0.29796,0.03485,0.12567,True,2,0.17154,0.50817,50.0,88.31,5.62,"WHAT-IF ACTION: DECREASE Ambient Temp from 52.32 °C to 26.12 °C (-26.20 °C). Result: Anomaly reconstruction score drops from 0.2980 to 0.0348 (threshold: 0.1257), restoring the machine to verified normal operation."
1776,A3_Heatwave,ambient_temp,ambient_temp,True,51.88,26.12,-25.76,decrease,°C,0.29475,0.03521,0.12567,True,2,0.1757,0.51519,50.0,88.06,5.78,"WHAT-IF ACTION: DECREASE Ambient Temp from 51.88 °C to 26.12 °C (-25.76 °C). Result: Anomaly reconstruction score drops from 0.2948 to 0.0352 (threshold: 0.1257), restoring the machine to verified normal operation."
1777,A3_Heatwave,ambient_temp,ambient_temp,True,52.73,26.12,-26.61,decrease,°C,0.30858,0.02426,0.12567,True,2,0.17975,0.52234,50.0,92.14,5.67,"WHAT-IF ACTION: DECREASE Ambient Temp from 52.73 °C to 26.12 °C (-26.61 °C). Result: Anomaly reconstruction score drops from 0.3086 to 0.0243 (threshold: 0.1257), restoring the machine to verified normal operation."
1778,A3_Heatwave,ambient_temp,ambient_temp,True,52.17,26.12,-26.05,decrease,°C,0.3093,0.044,0.12567,True,2,0.18404,0.52933,50.0,85.78,5.61,"WHAT-IF ACTION: DECREASE Ambient Temp from 52.17 °C to 26.12 °C (-26.05 °C). Result: Anomaly reconstruction score drops from 0.3093 to 0.0440 (threshold: 0.1257), restoring the machine to verified normal operation."
1779,A3_Heatwave,ambient_temp,ambient_temp,True,52.21,26.12,-26.09,decrease,°C,0.31341,0.0407,0.12567,True,2,0.18833,0.53625,50.0,87.01,5.57,"WHAT-IF ACTION: DECREASE Ambient Temp from 52.21 °C to 26.12 °C (-26.09 °C). Result: Anomaly reconstruction score drops from 0.3134 to 0.0407 (threshold: 0.1257), restoring the machine to verified normal operation."
1780,A3_Heatwave,ambient_temp,ambient_temp,True,51.57,26.12,-25.45,decrease,°C,0.30232,0.02892,0.12567,True,2,0.1923,0.54259,50.0,90.43,5.65,"WHAT-IF ACTION: DECREASE Ambient Temp from 51.57 °C to 26.12 °C (-25.45 °C). Result: Anomaly reconstruction score drops from 0.3023 to 0.0289 (threshold: 0.1257), restoring the machine to verified normal operation."
2341,A4_Sensor_Glitch,vibration,vibration,True,98.97,1.86,-97.11,decrease,mm/s,141.87268,0.05626,0.12567,True,3,0.15935,2.17068,33.33,99.96,7.23,"WHAT-IF ACTION: DECREASE Vibration from 98.97 mm/s to 1.86 mm/s (-97.11 mm/s). Result: Anomaly reconstruction score drops from 141.8727 to 0.0563 (threshold: 0.1257), restoring the machine to verified normal operation."
2342,A4_Sensor_Glitch,vibration,vibration,True,99.22,1.86,-97.36,decrease,mm/s,144.92657,0.05744,0.12567,True,3,0.24763,3.0707,33.33,99.96,5.56,"WHAT-IF ACTION: DECREASE Vibration from 99.22 mm/s to 1.86 mm/s (-97.36 mm/s). Result: Anomaly reconstruction score drops from 144.9266 to 0.0574 (threshold: 0.1257), restoring the machine to verified normal operation."
2343,A4_Sensor_Glitch,vibration,vibration,True,99.38,1.86,-97.52,decrease,mm/s,147.69438,0.02983,0.12567,True,3,0.33583,3.76324,33.33,99.98,5.59,"WHAT-IF ACTION: DECREASE Vibration from 99.38 mm/s to 1.86 mm/s (-97.52 mm/s). Result: Anomaly reconstruction score drops from 147.6944 to 0.0298 (threshold: 0.1257), restoring the machine to verified normal operation."
2344,A4_Sensor_Glitch,vibration,vibration,True,98.87,1.86,-97.01,decrease,mm/s,148.50008,0.02569,0.12567,True,3,0.42391,4.34114,33.33,99.98,5.7,"WHAT-IF ACTION: DECREASE Vibration from 98.87 mm/s to 1.86 mm/s (-97.01 mm/s). Result: Anomaly reconstruction score drops from 148.5001 to 0.0257 (threshold: 0.1257), restoring the machine to verified normal operation."
2345,A4_Sensor_Glitch,vibration,vibration,True,98.74,1.86,-96.88,decrease,mm/s,150.40511,0.02364,0.12567,True,3,0.51231,4.84941,33.33,99.98,5.53,"WHAT-IF ACTION: DECREASE Vibration from 98.74 mm/s to 1.86 mm/s (-96.88 mm/s). Result: Anomaly reconstruction score drops from 150.4051 to 0.0236 (threshold: 0.1257), restoring the machine to verified normal operation."
2346,A4_Sensor_Glitch,vibration,vibration,True,99.16,1.86,-97.3,decrease,mm/s,153.92563,0.0217,0.12567,True,3,0.60087,5.31305,33.33,99.99,5.7,"WHAT-IF ACTION: DECREASE Vibration from 99.16 mm/s to 1.86 mm/s (-97.30 mm/s). Result: Anomaly reconstruction score drops from 153.9256 to 0.0217 (threshold: 0.1257), restoring the machine to verified normal operation."
2347,A4_Sensor_Glitch,vibration,vibration,True,99.52,1.86,-97.66,decrease,mm/s,157.31458,0.02233,0.12567,True,3,0.68895,5.74236,33.33,99.99,5.65,"WHAT-IF ACTION: DECREASE Vibration from 99.52 mm/s to 1.86 mm/s (-97.66 mm/s). Result: Anomaly reconstruction score drops from 157.3146 to 0.0223 (threshold: 0.1257), restoring the machine to verified normal operation."
2348,A4_Sensor_Glitch,vibration,vibration,True,99.22,1.86,-97.36,decrease,mm/s,158.77716,0.02136,0.12567,True,3,0.77769,6.13941,33.33,99.99,5.64,"WHAT-IF ACTION: DECREASE Vibration from 99.22 mm/s to 1.86 mm/s (-97.36 mm/s). Result: Anomaly reconstruction score drops from 158.7772 to 0.0214 (threshold: 0.1257), restoring the machine to verified normal operation."
2349,A4_Sensor_Glitch,vibration,vibration,True,98.85,1.86,-96.99,decrease,mm/s,160.02533,0.02125,0.12567,True,3,0.8653,6.50951,33.33,99.99,5.66,"WHAT-IF ACTION: DECREASE Vibration from 98.85 mm/s to 1.86 mm/s (-96.99 mm/s). Result: Anomaly reconstruction score drops from 160.0253 to 0.0213 (threshold: 0.1257), restoring the machine to verified normal operation."
2350,A4_Sensor_Glitch,vibration,vibration,True,99.57,1.86,-97.71,decrease,mm/s,164.46202,0.02116,0.12567,True,3,0.95339,6.86475,33.33,99.99,5.67,"WHAT-IF ACTION: DECREASE Vibration from 99.57 mm/s to 1.86 mm/s (-97.71 mm/s). Result: Anomaly reconstruction score drops from 164.4620 to 0.0212 (threshold: 0.1257), restoring the machine to verified normal operation."
2351,A4_Sensor_Glitch,vibration,vibration,True,99.14,1.86,-97.28,decrease,mm/s,165.54668,0.02118,0.12567,True,3,1.04179,7.19962,33.33,99.99,5.72,"WHAT-IF ACTION: DECREASE Vibration from 99.14 mm/s to 1.86 mm/s (-97.28 mm/s). Result: Anomaly reconstruction score drops from 165.5467 to 0.0212 (threshold: 0.1257), restoring the machine to verified normal operation."
2352,A4_Sensor_Glitch,vibration,vibration,True,98.84,1.86,-96.98,decrease,mm/s,167.00005,0.02139,0.12567,True,3,1.13019,7.51767,33.33,99.99,5.66,"WHAT-IF ACTION: DECREASE Vibration from 98.84 mm/s to 1.86 mm/s (-96.98 mm/s). Result: Anomaly reconstruction score drops from 167.0000 to 0.0214 (threshold: 0.1257), restoring the machine to verified normal operation."
2353,A4_Sensor_Glitch,vibration,vibration,True,99.39,1.86,-97.53,decrease,mm/s,170.93716,0.02091,0.12567,True,3,1.21859,7.82619,33.33,99.99,5.57,"WHAT-IF ACTION: DECREASE Vibration from 99.39 mm/s to 1.86 mm/s (-97.53 mm/s). Result: Anomaly reconstruction score drops from 170.9372 to 0.0209 (threshold: 0.1257), restoring the machine to verified normal operation."
2354,A4_Sensor_Glitch,vibration,vibration,True,98.83,1.86,-96.97,decrease,mm/s,171.64333,0.02086,0.12567,True,3,1.30695,8.11967,33.33,99.99,5.72,"WHAT-IF ACTION: DECREASE Vibration from 98.83 mm/s to 1.86 mm/s (-96.97 mm/s). Result: Anomaly reconstruction score drops from 171.6433 to 0.0209 (threshold: 0.1257), restoring the machine to verified normal operation."
2355,A4_Sensor_Glitch,vibration,vibration,True,98.88,1.86,-97.02,decrease,mm/s,174.11681,0.02141,0.12567,True,3,1.39453,8.40317,33.33,99.99,5.61,"WHAT-IF ACTION: DECREASE Vibration from 98.88 mm/s to 1.86 mm/s (-97.02 mm/s). Result: Anomaly reconstruction score drops from 174.1168 to 0.0214 (threshold: 0.1257), restoring the machine to verified normal operation."
2356,A4_Sensor_Glitch,vibration,vibration,True,99.15,1.86,-97.29,decrease,mm/s,177.2361,0.02061,0.12567,True,3,1.48279,8.67893,33.33,99.99,5.72,"WHAT-IF ACTION: DECREASE Vibration from 99.15 mm/s to 1.86 mm/s (-97.29 mm/s). Result: Anomaly reconstruction score drops from 177.2361 to 0.0206 (threshold: 0.1257), restoring the machine to verified normal operation."
2357,A4_Sensor_Glitch,vibration,vibration,True,99.0,1.86,-97.14,decrease,mm/s,179.14163,0.02134,0.12567,True,3,1.57122,8.94539,33.33,99.99,5.58,"WHAT-IF ACTION: DECREASE Vibration from 99.00 mm/s to 1.86 mm/s (-97.14 mm/s). Result: Anomaly reconstruction score drops from 179.1416 to 0.0213 (threshold: 0.1257), restoring the machine to verified normal operation."
2358,A4_Sensor_Glitch,vibration,vibration,True,99.01,1.86,-97.15,decrease,mm/s,181.51167,0.02111,0.12567,True,3,1.65999,9.2042,33.33,99.99,5.64,"WHAT-IF ACTION: DECREASE Vibration from 99.01 mm/s to 1.86 mm/s (-97.15 mm/s). Result: Anomaly reconstruction score drops from 181.5117 to 0.0211 (threshold: 0.1257), restoring the machine to verified normal operation."
2359,A4_Sensor_Glitch,vibration,vibration,True,99.01,1.86,-97.15,decrease,mm/s,183.85625,0.02237,0.12567,True,3,1.74879,9.45593,33.33,99.99,5.62,"WHAT-IF ACTION: DECREASE Vibration from 99.01 mm/s to 1.86 mm/s (-97.15 mm/s). Result: Anomaly reconstruction score drops from 183.8562 to 0.0224 (threshold: 0.1257), restoring the machine to verified normal operation."
2360,A4_Sensor_Glitch,vibration,vibration,True,99.22,1.86,-97.36,decrease,mm/s,186.81909,0.02157,0.12567,True,3,1.83659,9.70215,33.33,99.99,5.55,"WHAT-IF ACTION: DECREASE Vibration from 99.22 mm/s to 1.86 mm/s (-97.36 mm/s). Result: Anomaly reconstruction score drops from 186.8191 to 0.0216 (threshold: 0.1257), restoring the machine to verified normal operation."
2361,A4_Sensor_Glitch,vibration,vibration,True,98.54,1.86,-96.68,decrease,mm/s,187.18613,0.02086,0.12567,True,3,1.92424,9.93899,33.33,99.99,5.88,"WHAT-IF ACTION: DECREASE Vibration from 98.54 mm/s to 1.86 mm/s (-96.68 mm/s). Result: Anomaly reconstruction score drops from 187.1861 to 0.0209 (threshold: 0.1257), restoring the machine to verified normal operation."
2362,A4_Sensor_Glitch,vibration,vibration,True,99.06,1.86,-97.2,decrease,mm/s,191.03731,0.02141,0.12567,True,3,2.01261,10.17278,33.33,99.99,5.68,"WHAT-IF ACTION: DECREASE Vibration from 99.06 mm/s to 1.86 mm/s (-97.20 mm/s). Result: Anomaly reconstruction score drops from 191.0373 to 0.0214 (threshold: 0.1257), restoring the machine to verified normal operation."
2363,A4_Sensor_Glitch,vibration,vibration,True,98.94,1.86,-97.08,decrease,mm/s,193.04074,0.02211,0.12567,True,3,2.10111,10.40076,33.33,99.99,5.6,"WHAT-IF ACTION: DECREASE Vibration from 98.94 mm/s to 1.86 mm/s (-97.08 mm/s). Result: Anomaly reconstruction score drops from 193.0407 to 0.0221 (threshold: 0.1257), restoring the machine to verified normal operation."
2364,A4_Sensor_Glitch,vibration,vibration,True,98.85,1.86,-96.99,decrease,mm/s,195.12503,0.02203,0.12567,True,3,2.1891,10.62344,33.33,99.99,5.65,"WHAT-IF ACTION: DECREASE Vibration from 98.85 mm/s to 1.86 mm/s (-96.99 mm/s). Result: Anomaly reconstruction score drops from 195.1250 to 0.0220 (threshold: 0.1257), restoring the machine to verified normal operation."
2365,A4_Sensor_Glitch,vibration,vibration,True,98.85,1.86,-96.99,decrease,mm/s,197.46779,0.02172,0.12567,True,3,2.27683,10.84154,33.33,99.99,5.61,"WHAT-IF ACTION: DECREASE Vibration from 98.85 mm/s to 1.86 mm/s (-96.99 mm/s). Result: Anomaly reconstruction score drops from 197.4678 to 0.0217 (threshold: 0.1257), restoring the machine to verified normal operation."
3361,A5_Spindle_Overload,spindle_speed,spindle_speed,True,4790.8,2213.3,-2577.5,decrease,RPM,0.21554,0.04403,0.12567,True,4,0.11258,0.1995,50.0,79.57,5.74,"WHAT-IF ACTION: DECREASE Spindle Speed from 4790.80 RPM to 2213.30 RPM (-2577.50 RPM). Result: Anomaly reconstruction score drops from 0.2155 to 0.0440 (threshold: 0.1257), restoring the machine to verified normal operation."
3362,A5_Spindle_Overload,spindle_speed,spindle_speed,True,4869.0,2213.3,-2655.7,decrease,RPM,0.24097,0.04859,0.12567,True,4,0.11857,0.22331,50.0,79.84,5.91,"WHAT-IF ACTION: DECREASE Spindle Speed from 4869.00 RPM to 2213.30 RPM (-2655.70 RPM). Result: Anomaly reconstruction score drops from 0.2410 to 0.0486 (threshold: 0.1257), restoring the machine to verified normal operation."
3363,A5_Spindle_Overload,spindle_speed,spindle_speed,True,4831.9,2213.3,-2618.6,decrease,RPM,0.24414,0.04833,0.12567,True,4,0.1245,0.24477,50.0,80.2,5.74,"WHAT-IF ACTION: DECREASE Spindle Speed from 4831.90 RPM to 2213.30 RPM (-2618.60 RPM). Result: Anomaly reconstruction score drops from 0.2441 to 0.0483 (threshold: 0.1257), restoring the machine to verified normal operation."
3364,A5_Spindle_Overload,spindle_speed,spindle_speed,True,4821.8,2213.3,-2608.5,decrease,RPM,0.23772,0.04305,0.12567,True,4,0.1305,0.26428,50.0,81.89,5.56,"WHAT-IF ACTION: DECREASE Spindle Speed from 4821.80 RPM to 2213.30 RPM (-2608.50 RPM). Result: Anomaly reconstruction score drops from 0.2377 to 0.0430 (threshold: 0.1257), restoring the machine to verified normal operation."
3365,A5_Spindle_Overload,spindle_speed,spindle_speed,True,4792.9,2213.3,-2579.6,decrease,RPM,0.20616,0.03633,0.12567,True,4,0.13576,0.28004,50.0,82.38,5.59,"WHAT-IF ACTION: DECREASE Spindle Speed from 4792.90 RPM to 2213.30 RPM (-2579.60 RPM). Result: Anomaly reconstruction score drops from 0.2062 to 0.0363 (threshold: 0.1257), restoring the machine to verified normal operation."
3366,A5_Spindle_Overload,spindle_speed,spindle_speed,True,4719.0,2213.3,-2505.7,decrease,RPM,0.23369,0.04995,0.12567,True,4,0.14041,0.29494,50.0,78.63,5.72,"WHAT-IF ACTION: DECREASE Spindle Speed from 4719.00 RPM to 2213.30 RPM (-2505.70 RPM). Result: Anomaly reconstruction score drops from 0.2337 to 0.0499 (threshold: 0.1257), restoring the machine to verified normal operation."
3367,A5_Spindle_Overload,spindle_speed,spindle_speed,True,4767.7,2213.3,-2554.4,decrease,RPM,0.22156,0.04081,0.12567,True,4,0.14542,0.30941,50.0,81.58,5.66,"WHAT-IF ACTION: DECREASE Spindle Speed from 4767.70 RPM to 2213.30 RPM (-2554.40 RPM). Result: Anomaly reconstruction score drops from 0.2216 to 0.0408 (threshold: 0.1257), restoring the machine to verified normal operation."
3368,A5_Spindle_Overload,spindle_speed,spindle_speed,True,4774.1,2213.3,-2560.8,decrease,RPM,0.24521,0.04585,0.12567,True,4,0.15055,0.32414,50.0,81.3,5.61,"WHAT-IF ACTION: DECREASE Spindle Speed from 4774.10 RPM to 2213.30 RPM (-2560.80 RPM). Result: Anomaly reconstruction score drops from 0.2452 to 0.0458 (threshold: 0.1257), restoring the machine to verified normal operation."
3369,A5_Spindle_Overload,spindle_speed,spindle_speed,True,4789.0,2213.3,-2575.7,decrease,RPM,0.24124,0.04372,0.12567,True,4,0.15582,0.33811,50.0,81.88,5.58,"WHAT-IF ACTION: DECREASE Spindle Speed from 4789.00 RPM to 2213.30 RPM (-2575.70 RPM). Result: Anomaly reconstruction score drops from 0.2412 to 0.0437 (threshold: 0.1257), restoring the machine to verified normal operation."
3370,A5_Spindle_Overload,spindle_speed,spindle_speed,True,4798.7,2213.3,-2585.4,decrease,RPM,0.26034,0.04615,0.12567,True,4,0.16139,0.35232,50.0,82.27,5.59,"WHAT-IF ACTION: DECREASE Spindle Speed from 4798.70 RPM to 2213.30 RPM (-2585.40 RPM). Result: Anomaly reconstruction score drops from 0.2603 to 0.0461 (threshold: 0.1257), restoring the machine to verified normal operation."
3371,A5_Spindle_Overload,spindle_speed,spindle_speed,True,4826.2,2213.3,-2612.9,decrease,RPM,0.28222,0.052,0.12567,True,4,0.16717,0.36673,50.0,81.58,5.78,"WHAT-IF ACTION: DECREASE Spindle Speed from 4826.20 RPM to 2213.30 RPM (-2612.90 RPM). Result: Anomaly reconstruction score drops from 0.2822 to 0.0520 (threshold: 0.1257), restoring the machine to verified normal operation."
3372,A5_Spindle_Overload,spindle_speed,spindle_speed,True,4810.9,2213.3,-2597.6,decrease,RPM,0.25377,0.04471,0.12567,True,4,0.17264,0.37934,50.0,82.38,5.58,"WHAT-IF ACTION: DECREASE Spindle Speed from 4810.90 RPM to 2213.30 RPM (-2597.60 RPM). Result: Anomaly reconstruction score drops from 0.2538 to 0.0447 (threshold: 0.1257), restoring the machine to verified normal operation."
3373,A5_Spindle_Overload,spindle_speed,spindle_speed,True,4846.4,2213.3,-2633.1,decrease,RPM,0.26371,0.04403,0.12567,True,4,0.17746,0.39132,50.0,83.3,5.62,"WHAT-IF ACTION: DECREASE Spindle Speed from 4846.40 RPM to 2213.30 RPM (-2633.10 RPM). Result: Anomaly reconstruction score drops from 0.2637 to 0.0440 (threshold: 0.1257), restoring the machine to verified normal operation."
3374,A5_Spindle_Overload,spindle_speed,spindle_speed,True,4787.5,2213.3,-2574.2,decrease,RPM,0.26548,0.04454,0.12567,True,4,0.18255,0.40308,50.0,83.22,5.54,"WHAT-IF ACTION: DECREASE Spindle Speed from 4787.50 RPM to 2213.30 RPM (-2574.20 RPM). Result: Anomaly reconstruction score drops from 0.2655 to 0.0445 (threshold: 0.1257), restoring the machine to verified normal operation."
3375,A5_Spindle_Overload,spindle_speed,spindle_speed,True,4810.3,2213.3,-2597.0,decrease,RPM,0.28095,0.04765,0.12567,True,4,0.18875,0.41556,50.0,83.04,5.58,"WHAT-IF ACTION: DECREASE Spindle Speed from 4810.30 RPM to 2213.30 RPM (-2597.00 RPM). Result: Anomaly reconstruction score drops from 0.2810 to 0.0476 (threshold: 0.1257), restoring the machine to verified normal operation."
3376,A5_Spindle_Overload,spindle_speed,spindle_speed,True,4813.8,2213.3,-2600.5,decrease,RPM,0.26753,0.04115,0.12567,True,4,0.19389,0.42662,50.0,84.62,5.68,"WHAT-IF ACTION: DECREASE Spindle Speed from 4813.80 RPM to 2213.30 RPM (-2600.50 RPM). Result: Anomaly reconstruction score drops from 0.2675 to 0.0412 (threshold: 0.1257), restoring the machine to verified normal operation."
3377,A5_Spindle_Overload,spindle_speed,spindle_speed,True,4809.8,2213.3,-2596.5,decrease,RPM,0.28556,0.05174,0.12567,True,4,0.19945,0.43777,50.0,81.88,5.58,"WHAT-IF ACTION: DECREASE Spindle Speed from 4809.80 RPM to 2213.30 RPM (-2596.50 RPM). Result: Anomaly reconstruction score drops from 0.2856 to 0.0517 (threshold: 0.1257), restoring the machine to verified normal operation."
3378,A5_Spindle_Overload,spindle_speed,spindle_speed,True,4851.3,2213.3,-2638.0,decrease,RPM,0.27677,0.04799,0.12567,True,4,0.20488,0.44839,50.0,82.66,5.54,"WHAT-IF ACTION: DECREASE Spindle Speed from 4851.30 RPM to 2213.30 RPM (-2638.00 RPM). Result: Anomaly reconstruction score drops from 0.2768 to 0.0480 (threshold: 0.1257), restoring the machine to verified normal operation."
3379,A5_Spindle_Overload,spindle_speed,spindle_speed,True,4832.2,2213.3,-2618.9,decrease,RPM,0.25955,0.03621,0.12567,True,4,0.20994,0.45812,50.0,86.05,5.58,"WHAT-IF ACTION: DECREASE Spindle Speed from 4832.20 RPM to 2213.30 RPM (-2618.90 RPM). Result: Anomaly reconstruction score drops from 0.2596 to 0.0362 (threshold: 0.1257), restoring the machine to verified normal operation."
3380,A5_Spindle_Overload,spindle_speed,spindle_speed,True,4747.2,2213.3,-2533.9,decrease,RPM,0.27272,0.04387,0.12567,True,4,0.21517,0.46787,50.0,83.91,6.29,"WHAT-IF ACTION: DECREASE Spindle Speed from 4747.20 RPM to 2213.30 RPM (-2533.90 RPM). Result: Anomaly reconstruction score drops from 0.2727 to 0.0439 (threshold: 0.1257), restoring the machine to verified normal operation."
3381,A5_Spindle_Overload,spindle_speed,spindle_speed,True,4795.4,2213.3,-2582.1,decrease,RPM,0.28944,0.04682,0.12567,True,4,0.22029,0.47774,50.0,83.82,5.73,"WHAT-IF ACTION: DECREASE Spindle Speed from 4795.40 RPM to 2213.30 RPM (-2582.10 RPM). Result: Anomaly reconstruction score drops from 0.2894 to 0.0468 (threshold: 0.1257), restoring the machine to verified normal operation."
3382,A5_Spindle_Overload,spindle_speed,spindle_speed,True,4799.4,2213.3,-2586.1,decrease,RPM,0.28368,0.04727,0.12567,True,4,0.22538,0.48711,50.0,83.34,5.57,"WHAT-IF ACTION: DECREASE Spindle Speed from 4799.40 RPM to 2213.30 RPM (-2586.10 RPM). Result: Anomaly reconstruction score drops from 0.2837 to 0.0473 (threshold: 0.1257), restoring the machine to verified normal operation."
3383,A5_Spindle_Overload,spindle_speed,spindle_speed,True,4886.1,2213.3,-2672.8,decrease,RPM,0.28573,0.04316,0.12567,True,4,0.2303,0.49632,50.0,84.89,5.56,"WHAT-IF ACTION: DECREASE Spindle Speed from 4886.10 RPM to 2213.30 RPM (-2672.80 RPM). Result: Anomaly reconstruction score drops from 0.2857 to 0.0432 (threshold: 0.1257), restoring the machine to verified normal operation."
3384,A5_Spindle_Overload,spindle_speed,spindle_speed,True,4786.8,2213.3,-2573.5,decrease,RPM,0.27861,0.0409,0.12567,True,4,0.23527,0.50515,50.0,85.32,5.54,"WHAT-IF ACTION: DECREASE Spindle Speed from 4786.80 RPM to 2213.30 RPM (-2573.50 RPM). Result: Anomaly reconstruction score drops from 0.2786 to 0.0409 (threshold: 0.1257), restoring the machine to verified normal operation."
3385,A5_Spindle_Overload,spindle_speed,spindle_speed,True,4760.7,2213.3,-2547.4,decrease,RPM,0.28029,0.04351,0.12567,True,4,0.24032,0.51377,50.0,84.48,5.56,"WHAT-IF ACTION: DECREASE Spindle Speed from 4760.70 RPM to 2213.30 RPM (-2547.40 RPM). Result: Anomaly reconstruction score drops from 0.2803 to 0.0435 (threshold: 0.1257), restoring the machine to verified normal operation."
3386,A5_Spindle_Overload,spindle_speed,spindle_speed,True,4817.5,2213.3,-2604.2,decrease,RPM,0.28412,0.04058,0.12567,True,4,0.24557,0.52244,50.0,85.72,5.77,"WHAT-IF ACTION: DECREASE Spindle Speed from 4817.50 RPM to 2213.30 RPM (-2604.20 RPM). Result: Anomaly reconstruction score drops from 0.2841 to 0.0406 (threshold: 0.1257), restoring the machine to verified normal operation."
3387,A5_Spindle_Overload,spindle_speed,spindle_speed,True,4819.9,2213.3,-2606.6,decrease,RPM,0.29457,0.04289,0.12567,True,4,0.25089,0.53121,50.0,85.44,5.61,"WHAT-IF ACTION: DECREASE Spindle Speed from 4819.90 RPM to 2213.30 RPM (-2606.60 RPM). Result: Anomaly reconstruction score drops from 0.2946 to 0.0429 (threshold: 0.1257), restoring the machine to verified normal operation."
3388,A5_Spindle_Overload,spindle_speed,spindle_speed,True,4797.0,2213.3,-2583.7,decrease,RPM,0.30256,0.04805,0.12567,True,4,0.25608,0.53974,50.0,84.12,5.58,"WHAT-IF ACTION: DECREASE Spindle Speed from 4797.00 RPM to 2213.30 RPM (-2583.70 RPM). Result: Anomaly reconstruction score drops from 0.3026 to 0.0481 (threshold: 0.1257), restoring the machine to verified normal operation."
3389,A5_Spindle_Overload,spindle_speed,spindle_speed,True,4791.2,2213.3,-2577.9,decrease,RPM,0.29931,0.04828,0.12567,True,4,0.26104,0.54784,50.0,83.87,5.56,"WHAT-IF ACTION: DECREASE Spindle Speed from 4791.20 RPM to 2213.30 RPM (-2577.90 RPM). Result: Anomaly reconstruction score drops from 0.2993 to 0.0483 (threshold: 0.1257), restoring the machine to verified normal operation."
3390,A5_Spindle_Overload,spindle_speed,spindle_speed,True,4838.0,2213.3,-2624.7,decrease,RPM,0.31749,0.04667,0.12567,True,4,0.26626,0.55646,50.0,85.3,5.62,"WHAT-IF ACTION: DECREASE Spindle Speed from 4838.00 RPM to 2213.30 RPM (-2624.70 RPM). Result: Anomaly reconstruction score drops from 0.3175 to 0.0467 (threshold: 0.1257), restoring the machine to verified normal operation."
3391,A5_Spindle_Overload,spindle_speed,spindle_speed,True,4765.9,2213.3,-2552.6,decrease,RPM,0.30166,0.0478,0.12567,True,4,0.2719,0.56455,50.0,84.16,6.19,"WHAT-IF ACTION: DECREASE Spindle Speed from 4765.90 RPM to 2213.30 RPM (-2552.60 RPM). Result: Anomaly reconstruction score drops from 0.3017 to 0.0478 (threshold: 0.1257), restoring the machine to verified normal operation."
3392,A5_Spindle_Overload,spindle_speed,spindle_speed,True,4786.4,2213.3,-2573.1,decrease,RPM,0.29056,0.0423,0.12567,True,4,0.27716,0.57211,50.0,85.44,5.69,"WHAT-IF ACTION: DECREASE Spindle Speed from 4786.40 RPM to 2213.30 RPM (-2573.10 RPM). Result: Anomaly reconstruction score drops from 0.2906 to 0.0423 (threshold: 0.1257), restoring the machine to verified normal operation."
3393,A5_Spindle_Overload,spindle_speed,spindle_speed,True,4779.1,2213.3,-2565.8,decrease,RPM,0.31219,0.04647,0.12567,True,4,0.28245,0.58003,50.0,85.11,5.67,"WHAT-IF ACTION: DECREASE Spindle Speed from 4779.10 RPM to 2213.30 RPM (-2565.80 RPM). Result: Anomaly reconstruction score drops from 0.3122 to 0.0465 (threshold: 0.1257), restoring the machine to verified normal operation."
3394,A5_Spindle_Overload,spindle_speed,spindle_speed,True,4843.8,2213.3,-2630.5,decrease,RPM,0.32778,0.05047,0.12567,True,4,0.28783,0.58812,50.0,84.6,5.61,"WHAT-IF ACTION: DECREASE Spindle Speed from 4843.80 RPM to 2213.30 RPM (-2630.50 RPM). Result: Anomaly reconstruction score drops from 0.3278 to 0.0505 (threshold: 0.1257), restoring the machine to verified normal operation."
3395,A5_Spindle_Overload,spindle_speed,spindle_speed,True,4811.4,2213.3,-2598.1,decrease,RPM,0.30343,0.04459,0.12567,True,4,0.2924,0.59508,50.0,85.31,5.57,"WHAT-IF ACTION: DECREASE Spindle Speed from 4811.40 RPM to 2213.30 RPM (-2598.10 RPM). Result: Anomaly reconstruction score drops from 0.3034 to 0.0446 (threshold: 0.1257), restoring the machine to verified normal operation."
3396,A5_Spindle_Overload,spindle_speed,spindle_speed,True,4757.4,2213.3,-2544.1,decrease,RPM,0.31994,0.05033,0.12567,True,4,0.29803,0.60269,50.0,84.27,6.55,"WHAT-IF ACTION: DECREASE Spindle Speed from 4757.40 RPM to 2213.30 RPM (-2544.10 RPM). Result: Anomaly reconstruction score drops from 0.3199 to 0.0503 (threshold: 0.1257), restoring the machine to verified normal operation."
3397,A5_Spindle_Overload,spindle_speed,spindle_speed,True,4761.4,2213.3,-2548.1,decrease,RPM,0.31463,0.05006,0.12567,True,4,0.30311,0.60975,50.0,84.09,5.69,"WHAT-IF ACTION: DECREASE Spindle Speed from 4761.40 RPM to 2213.30 RPM (-2548.10 RPM). Result: Anomaly reconstruction score drops from 0.3146 to 0.0501 (threshold: 0.1257), restoring the machine to verified normal operation."
3398,A5_Spindle_Overload,spindle_speed,spindle_speed,True,4874.9,2213.3,-2661.6,decrease,RPM,0.35761,0.05714,0.12567,True,4,0.30838,0.61766,50.0,84.02,5.57,"WHAT-IF ACTION: DECREASE Spindle Speed from 4874.90 RPM to 2213.30 RPM (-2661.60 RPM). Result: Anomaly reconstruction score drops from 0.3576 to 0.0571 (threshold: 0.1257), restoring the machine to verified normal operation."
